Column1;Row.names;short_id;date2;rhino;species;sample_type;rhino_sex;rhino_origin;rhino_age;sample_id;days_boma;dw;pairing_day;day_exp;dung_rhino;dung_sex;dung_origin;pairing_sex;pairing_origin;pairing_id; 6-Methyl-2-heptanone; Cyclosativene;(-)-?-Citronellene;1,3-Hexadiene, 3-ethyl-2,5-dimethyl-;1,5,9-Decatriene, 2,3,5,8-tetramethyl-;1,6-Octadiene, 5,7-dimethyl-;1,7-Dimethyl-4-(1-methylethyl)cyclodecane;1-Hexadecanol;2,2-Diethylacetamide;2,6-Dimethyldecane-;2- Octene(Z)-;2-Octene, 3,7,-dimethyl-, (Z)-;4-Nonanone, 7-ethyl-;4a,8-Dimethyl-2-(prop-1-en-2-yl)-1,2,3,4,4a,5,6,7-octahydronaphtalane;5-Hepten-2-one, 6-methyl-;9,12-Tetradecadien-1-ol, (Z,E)-;Aromandendrene;Caryophyllene;Copaene;Decane;Decane, 2,6,6-trimethyl-;Dodecane;Ethane, 1,1-diethoxy-;Ethylbenzene;Farnesan;Humulene;Isobutyl isothiocyanate;Mesitylene;Nonadecane;Octadecane;Tetradecane;Tridecane;Undecane;cis-Verbenyl acetate ;n-Hexadecanoic acid;p-Menthen-2-ol;?-Muurolene;shannon_diversity;rhino_ordered
11;BiJo10;BiJo10;9/8/2024;Billie;Diceros_bicornis;Experiment;f;Thanda;4;A240-38;38;9213;1;10;Joko;f;Ithala;ff;Th_It;Bil_Joko;0;2.27079E+14;0;2.14346E+14;3.23558E+14;0;0;0;0;0;0;9.9227E+14;1.92053E+14;9.73897E+14;0;1.51806E+14;1.53985E+14;4.72335E+14;5.3326E+14;0;0;8.28887E+14;0;0;0;4.19568E+14;4.00278E+14;8.48412E+14;0;0;1.61624E+14;5.0874E+14;4.17801E+14;0;0;7.96978E+13;2.31026E+14;2.32812E+14;Billie
12;BiJo11;BiJo11;10/8/2024;Billie;Diceros_bicornis;Experiment;f;Thanda;4;A240-39;39;10735;2;11;Joko;f;Ithala;ff;Th_It;Bil_Joko;0;4.04498E+14;0;1.6261E+14;1.71915E+14;0;0;0;0;0;0;7.93416E+14;2.05569E+14;0;0;9.59841E+14;0;1.16676E+14;1.48531E+13;7.54146E+14;0;2.73181E+14;1.27661E+14;3.45349E+14;1.15516E+14;9.89061E+14;7.63769E+14;8.01846E+13;7.93438E+14;0;1.05151E+14;2.12771E+14;2.51508E+14;0;0;6.31451E+14;0;2.63516E+14;Billie
13;BiJo12;BiJo12;11/8/2024;Billie;Diceros_bicornis;Experiment;f;Thanda;4;A240-40;40;9749;3;12;Joko;f;Ithala;ff;Th_It;Bil_Joko;0;7.95618E+14;1.07199E+14;1.05894E+14;2.12471E+13;0;0;0;0;0;0;9.01466E+14;1.95085E+14;0;0;1.16716E+14;0;1.68664E+14;1.8745E+14;0;0;3.54903E+14;0;0;0;1.68041E+14;1.01478E+14;1.22034E+14;9.12667E+14;0;1.32514E+14;2.945E+14;5.23947E+14;0;0;4.65468E+13;2.0179E+14;2.56083E+14;Billie
14;BiMa16;BiMa16;15/8/2024;Billie;Diceros_bicornis;Experiment;f;Thanda;4;A240-44;44;9229;1;16;Mafukuzela;f;Ithala;ff;Th_It;Bil_Mafu;0;8.52868E+14;0;1.64562E+14;2.43543E+14;1.89086E+14;0;0;1.00589E+14;0;0;7.99318E+14;2.32623E+14;8.19657E+13;0;2.37945E+14;5.69397E+14;1.25375E+14;2.07726E+14;9.79766E+14;0;3.60627E+14;1.27022E+14;0;7.54931E+14;1.1854E+14;0;5.5907E+14;1.41136E+14;0;7.81366E+14;1.752E+14;2.31725E+14;0;9.93912E+14;1.77464E+14;1.18495E+14;2.74598E+14;Billie
15;BiMa17;BiMa17;16/8/2024;Billie;Diceros_bicornis;Experiment;f;Thanda;4;A240-45;45;799;2;17;Mafukuzela;f;Ithala;ff;Th_It;Bil_Mafu;0;1.03713E+14;113989291;1.5702E+14;2.9475E+14;0;0;0;0;0;0;7.15948E+14;4.33919E+14;9.74403E+14;0;1.73647E+14;0;1.53488E+14;2.17913E+14;1.16874E+14;0;8.2327E+14;0;0;0;1.52291E+14;0;3.0997E+14;0;0;1.55131E+14;4.1594E+13;3.8432E+14;0;2.71586E+14;0;1.71648E+14;2.54124E+14;Billie
16;BiMa18;BiMa18;17/8/2024;Billie;Diceros_bicornis;Experiment;f;Thanda;4;A240-46;46;8673;3;18;Mafukuzela;f;Ithala;ff;Th_It;Bil_Mafu;0;1.22948E+14;0;3.06124E+14;3.26379E+14;3.48529E+14;0;0;0;3.72121E+14;2.51592E+14;1.06653E+14;3.74429E+14;1.12785E+14;0;1.9298E+13;8.18153E+14;2.12805E+14;2.56398E+14;1.40388E+14;2.06005E+14;7.08957E+14;0;2.20859E+14;8.92142E+14;2.1435E+14;8.63015E+14;7.46184E+13;0;0;1.43599E+14;3.33856E+14;4.06671E+14;0;2.26253E+14;2.96377E+14;2.11345E+14;2.85988E+14;Billie
17;BiMs7;BiMs7;6/8/2024;Billie;Diceros_bicornis;Experiment;f;Thanda;4;A240-35;35;8698;1;7;Mshanelo;m;Ithala;fm;Th_It;Bil_Msha;0;1.66074E+14;7.668E+14;1.5886E+14;1.39769E+14;0;0;0;0;0;0;3.6071E+14;1.25935E+13;0;0;1.20925E+14;0;4.08297E+14;5.39645E+14;1.31752E+14;0;1.97004E+14;5.42745E+14;0;1.13878E+14;0;4.7652E+14;3.082E+14;0;1.15026E+14;9.3643E+14;1.58314E+14;1.86187E+14;0;1.03666E+13;3.39904E+14;0;2.80077E+14;Billie
18;BiMs8;BiMs8;7/8/2024;Billie;Diceros_bicornis;Experiment;f;Thanda;4;A240-36;36;1197;2;8;Mshanelo;m;Ithala;fm;Th_It;Bil_Msha;0;5.28191E+14;1.7706E+14;2.29831E+14;1.49064E+14;3.11168E+14;0;0;0;0;0;2.84487E+14;1.04697E+14;0;0;8.01601E+14;0;6.72994E+14;1.45748E+14;0;0;1.75802E+14;0;0;0;5.11439E+14;1.52046E+14;1.89839E+14;0;0;7.28482E+14;1.17509E+14;1.49578E+13;0;0;0;0;2.37507E+13;Billie
19;BiMs9;BiMs9;8/8/2024;Billie;Diceros_bicornis;Experiment;f;Thanda;4;A240-37;37;10083;3;9;Mshanelo;m;Ithala;fm;Th_It;Bil_Msha;0;1.27022E+14;1.90922E+14;1.39342E+14;1.99441E+14;1.65658E+14;0;0;0;0;0;8.42015E+14;1.96055E+14;5.72317E+14;0;6.70708E+14;0;2.4574E+14;2.61075E+14;0;0;4.4311E+14;3.74377E+14;0;0;2.12861E+14;1.23789E+14;3.77443E+14;0;0;1.06066E+14;3.02072E+14;2.73173E+14;0;0;3.93707E+14;1.19316E+14;2.51835E+14;Billie
20;BiNd1;BiNd1;31/7/2024;Billie;Diceros_bicornis;Experiment;f;Thanda;4;A240-29;29;9402;1;1;Ndlebe;f;Somkhanda;ff;Th_So;Bil_Ndle;0;9.96013E+14;0;4.66471E+14;2.1075E+14;0;0;0;0;1.02622E+14;0;3.29896E+14;0;0;0;5.28953E+14;1.03688E+14;2.12882E+14;1.65362E+14;8.09995E+14;0;1.79965E+14;1.29359E+14;0;0;2.3376E+13;5.3154E+14;3.5908E+14;0;0;8.77862E+13;1.44217E+14;2.12523E+14;0;0;3.98859E+14;1.55066E+14;2.41815E+14;Billie
21;BiNd2;BiNd2;1/8/2024;Billie;Diceros_bicornis;Experiment;f;Thanda;4;A240-30;30;8845;2;2;Ndlebe;f;Somkhanda;ff;Th_So;Bil_Ndle;0;7.68567E+14;0;6.92221E+14;2.36428E+14;0;0;0;0;0;0;3.71327E+14;0;0;0;6.29127E+14;8.35195E+11;2.01999E+14;1.37085E+14;8.81707E+12;0;2.19322E+14;0;0;0;2.16457E+14;7.46693E+14;4.43531E+13;0;0;1.15328E+14;1.27873E+14;1.65638E+14;0;0;4.01339E+14;0;2.36119E+14;Billie
22;BiNd3;BiNd3;2/8/2024;Billie;Diceros_bicornis;Experiment;f;Thanda;4;A240-31;31;10728;3;3;Ndlebe;f;Somkhanda;ff;Th_So;Bil_Ndle;0;6.54416E+14;0;1.27647E+14;1.0079E+14;0;0;0;0;0;0;3.01828E+14;0;0;0;7.73089E+14;0;1.61051E+14;1.25703E+14;8.81714E+14;0;4.1654E+14;0;0;0;1.45338E+14;7.57377E+14;3.76058E+14;0;0;8.64449E+14;2.26692E+14;2.61124E+13;0;0;3.58952E+11;0;2.41094E+14;Billie
23;BiNs13;BiNs13;12/8/2024;Billie;Diceros_bicornis;Experiment;f;Thanda;4;A240-41;41;9885;1;13;Nsele;m;Ithala;fm;Th_It;Bil_Nsel;0;7.95519E+14;0;1.32003E+14;2.30324E+14;0;0;0;0;0;0;6.59684E+14;2.04828E+14;5.32671E+14;0;1.31949E+14;0;1.6988E+14;2.19889E+14;0;0;2.8015E+14;0;0;0;1.46616E+14;6.35198E+14;5.74528E+14;0;0;9.57342E+14;2.54744E+14;1.91113E+14;0;0;0;1.21447E+14;2.43727E+13;Billie
24;BiNs14;BiNs14;13/8/2024;Billie;Diceros_bicornis;Experiment;f;Thanda;4;A240-42;42;10501;2;14;Nsele;m;Ithala;fm;Th_It;Bil_Nsel;0;9.19949E+14;0;1.69758E+14;1.93324E+14;2.14026E+14;0;0;0;0;0;6.06914E+14;1.74948E+14;4.54788E+14;0;7.07862E+14;0;1.35092E+14;2.07115E+14;0;0;3.11173E+13;0;0;0;1.13288E+14;1.55597E+14;6.15237E+14;0;0;1.16101E+14;2.10677E+14;2.14919E+14;0;1.17171E+14;2.27383E+14;1.1301E+14;2.55183E+14;Billie
25;BiSo4;BiSo4;3/8/2024;Billie;Diceros_bicornis;Experiment;f;Thanda;4;A240-32;32;9347;1;4;Somiso;m;Ithala;fm;Th_It;Bil_Somi;0;7.03327E+14;0;2.45924E+13;2.27375E+14;2.42682E+14;0;0;0;0;0;3.83987E+13;0;0;0;1.33362E+14;0;2.37487E+13;2.29354E+14;0;0;3.55127E+13;0;0;0;2.61455E+14;0;6.24975E+14;0;0;1.4509E+14;2.10443E+14;3.34166E+13;0;0;1.38553E+14;0;2.29955E+14;Billie
26;BiSo5;BiSo5;4/8/2024;Billie;Diceros_bicornis;Experiment;f;Thanda;4;A240-33;33;9863;2;5;Somiso;m;Ithala;fm;Th_It;Bil_Somi;0;2.17805E+14;0;4.78931E+14;2.05463E+14;0;0;0;0;7.33694E+14;0;2.00063E+13;0;0;0;6.11539E+14;0;8.54804E+14;6.96888E+13;6.0809E+14;3.60811E+14;1.70867E+14;0;0;0;2.36153E+14;0;2.56929E+14;0;0;0;9.54288E+14;1.20836E+14;0;0;2.00464E+14;0;2.17343E+14;Billie
27;BiSo6;BiSo6;5/8/2024;Billie;Diceros_bicornis;Experiment;f;Thanda;4;A240-34;34;854;3;6;Somiso;m;Ithala;fm;Th_It;Bil_Somi;0;4.13333E+14;0;3.68961E+14;3.80882E+14;5.52932E+14;0;0;0;0;0;2.00177E+14;0;0;0;2.724E+14;0;9.54237E+14;1.45685E+14;9.07092E+14;0;4.41641E+14;0;0;1.66797E+14;8.2884E+14;8.99312E+14;5.11768E+14;0;0;1.48772E+14;2.8333E+14;2.55582E+14;0;0;5.15099E+14;0;2.61723E+14;Billie
38;FaBi10;FaBi10;9/8/2024;FatAmy;Diceros_bicornis;Experiment;f;Manyoni;5;A250-38;38;10516;1;10;Billie;f;Thanda;ff;Ma_Th;Fat_Bill;1.55525E+14;8.22885E+14;0;4.76336E+14;5.46358E+14;5.95144E+14;1.20636E+14;1.499E+14;0;0;0;4.07377E+13;0;6.62705E+14;4.35611E+14;6.31669E+14;0;1.87287E+14;1.73613E+14;1.92168E+14;0;7.17791E+14;3.84652E+14;0;2.39485E+14;2.13776E+14;9.53284E+14;6.57703E+14;0;1.71985E+14;1.49814E+14;4.4246E+14;3.66994E+14;4.97512E+14;0;8.93434E+14;1.72234E+14;2.86267E+14;FatAmy
39;FaBi11;FaBi11;10/8/2024;FatAmy;Diceros_bicornis;Experiment;f;Manyoni;5;A250-39;39;9964;2;11;Billie;f;Thanda;ff;Ma_Th;Fat_Bill;5.68826E+14;1.32838E+14;0;1.10746E+14;1.27986E+14;0;4.69237E+14;6.02051E+14;1.6312E+14;0;0;2.58636E+14;6.1099E+14;1.62939E+14;0;9.28825E+14;0;2.28067E+14;2.92678E+14;2.98779E+14;0;1.0716E+14;0;1.7861E+14;4.34343E+14;0;0;6.7601E+14;0;0;3.01202E+14;8.60873E+14;9.16357E+14;0;0;1.70294E+14;0;2.80634E+14;FatAmy
40;FaBi12;FaBi12;11/8/2024;FatAmy;Diceros_bicornis;Experiment;f;Manyoni;5;A250-40;40;10594;3;12;Billie;f;Thanda;ff;Ma_Th;Fat_Bill;6.75519E+12;3.06831E+14;0;1.30441E+14;2.04626E+14;1.91477E+14;4.85248E+14;8.35444E+14;0;7.3309E+14;0;8.93847E+14;7.77832E+14;2.34103E+14;8.80911E+14;1.1269E+13;0;9.31464E+14;9.10116E+14;4.36614E+14;4.20915E+14;1.52719E+14;0;0;4.81064E+14;8.84753E+14;6.19644E+14;2.69421E+14;0;0;3.60735E+14;1.00571E+14;8.16492E+14;1.71831E+14;0;3.06355E+14;6.38807E+14;2.88345E+14;FatAmy
41;FaMa4;FaMa4;3/8/2024;FatAmy;Diceros_bicornis;Experiment;f;Manyoni;5;A250-32;32;8191;1;4;Mafukuzela;f;Ithala;ff;Ma_It;Fat_Mafu;0;4.36714E+14;0;8.99057E+14;1.08877E+14;1.1122E+14;0;0;0;0;0;6.16809E+14;0;0;1.9981E+14;9.86311E+14;0;9.09478E+14;1.25201E+14;4.74347E+14;0;1.18453E+14;0;0;3.77372E+13;0;0;1.61912E+14;0;0;2.79126E+14;6.01972E+14;9.80405E+14;1.01764E+14;0;2.53531E+14;0;2.71346E+14;FatAmy
42;FaMa5;FaMa5;4/8/2024;FatAmy;Diceros_bicornis;Experiment;f;Manyoni;5;A250-33;33;9346;2;5;Mafukuzela;f;Ithala;ff;Ma_It;Fat_Mafu;0;3.70833E+14;0;5.13723E+14;9.94087E+14;8.2998E+14;0;0;0;0;0;9.55279E+14;0;0;0;6.07464E+13;0;3.32135E+14;7.84678E+14;2.3563E+14;0;6.62562E+14;6.35053E+14;0;2.81608E+13;9.10841E+13;0;8.89433E+14;0;0;2.13135E+14;3.5488E+14;5.74879E+14;2.81539E+13;0;2.48607E+14;0;1.88055E+14;FatAmy
43;FaMa6;FaMa6;5/8/2024;FatAmy;Diceros_bicornis;Experiment;f;Manyoni;5;A250-34;34;881;3;6;Mafukuzela;f;Ithala;ff;Ma_It;Fat_Mafu;0;7.33127E+14;0;8.05204E+14;8.01575E+14;9.06859E+14;0;0;0;0;0;6.37766E+14;0;0;0;7.34067E+13;0;1.63224E+14;2.04874E+14;2.70948E+14;0;5.29514E+14;0;0;3.70718E+14;0;1.50332E+14;1.37908E+14;0;0;1.92407E+14;3.22938E+14;7.29616E+14;0;0;2.63289E+14;0;2.65718E+14;FatAmy
44;FaMp1;FaMp1;31/7/2024;FatAmy;Diceros_bicornis;Experiment;f;Manyoni;5;A250-29;29;8668;1;1;Mpilo;m;Mpilo;fm;Ma_Mp;Fat_Mpil;4.41261E+14;1.30481E+14;0;1.30686E+14;7.23435E+14;1.03349E+14;5.09297E+14;6.64696E+14;1.81517E+14;4.55674E+14;0;1.44075E+14;7.61159E+14;1.03506E+14;5.39265E+14;5.42198E+13;0;1.67799E+14;2.30543E+13;3.07827E+14;5.8792E+14;3.82857E+14;3.11937E+14;0;2.58383E+14;1.66404E+14;0;1.36752E+14;0;0;1.63095E+14;2.85313E+14;2.58434E+14;4.73819E+14;0;2.36012E+14;0;3.10196E+13;FatAmy
45;FaMp2;FaMp2;1/8/2024;FatAmy;Diceros_bicornis;Experiment;f;Manyoni;5;A250-30;30;9002;2;2;Mpilo;m;Mpilo;fm;Ma_Mp;Fat_Mpil;0;1.10471E+14;0;1.16836E+14;4.90442E+14;0;0;0;0;4.34954E+14;0;1.54694E+14;0;0;0;4.58726E+14;0;7.45662E+14;1.3278E+14;2.86164E+14;0;8.07978E+14;9.91078E+14;0;0;0;0;1.98768E+14;0;0;2.48662E+12;3.92311E+14;8.466E+14;0;0;2.28599E+14;0;2.2313E+14;FatAmy
46;FaMp3;FaMp3;2/8/2024;FatAmy;Diceros_bicornis;Experiment;f;Manyoni;5;A250-31;31;9948;3;3;Mpilo;m;Mpilo;fm;Ma_Mp;Fat_Mpil;0;8.73983E+14;0;1.93555E+13;1.41767E+14;1.84092E+14;0;0;0;0;0;7.70544E+14;0;0;1.41223E+14;1.01504E+14;0;2.01194E+14;2.5616E+14;3.78744E+13;0;1.07374E+14;0;0;5.87458E+13;0;0;2.01107E+14;0;0;2.24107E+14;5.32254E+14;8.85752E+14;4.03147E+14;0;2.02459E+14;0;2.73438E+14;FatAmy
47;FaNs7;FaNs7;6/8/2024;FatAmy;Diceros_bicornis;Experiment;f;Manyoni;5;A250-35;35;9656;1;7;Nsele;m;Ithala;fm;Ma_It;Fat_Nsel;0;6.65001E+14;0;9.00594E+14;9.32869E+14;1.10036E+14;0;0;6.09236E+14;0;0;5.14659E+14;0;0;0;9.53498E+13;0;1.69934E+14;2.69335E+14;4.20092E+14;0;6.74153E+14;0;0;3.62431E+14;0;1.42439E+14;1.34011E+14;0;0;2.16911E+14;4.90751E+14;5.84585E+14;0;0;1.82058E+14;0;2.69615E+14;FatAmy
48;FaNs8;FaNs8;7/8/2024;FatAmy;Diceros_bicornis;Experiment;f;Manyoni;5;A250-36;36;967;2;8;Nsele;m;Ithala;fm;Ma_It;Fat_Nsel;0;5.53631E+14;0;3.26495E+14;3.37062E+14;3.85328E+14;6.22659E+14;0;0;1.17974E+14;0;2.09556E+14;0;0;2.78206E+14;2.34614E+12;0;7.07002E+14;1.15963E+14;1.36506E+14;0;3.17844E+14;0;0;1.10404E+14;7.13852E+13;1.47197E+14;4.70059E+14;0;0;1.0798E+14;1.98101E+14;2.29652E+14;5.48761E+14;0;7.96029E+14;0;2.78138E+14;FatAmy
49;FaNs9;FaNs9;8/8/2024;FatAmy;Diceros_bicornis;Experiment;f;Manyoni;5;A250-37;37;9249;3;9;Nsele;m;Ithala;fm;Ma_It;Fat_Nsel;0;9.66072E+14;0;4.88956E+14;6.93547E+14;5.08973E+13;1.34255E+14;1.51449E+14;4.80762E+14;0;0;2.24195E+14;0;6.74231E+14;6.14497E+13;5.51997E+14;0;1.65787E+13;2.27483E+14;1.78175E+14;0;3.03649E+14;0;0;2.24994E+14;1.63118E+14;1.15555E+13;5.26001E+14;0;0;1.49547E+14;3.47754E+14;2.89749E+13;4.86251E+14;1.67619E+14;1.92497E+14;0;2.89805E+14;FatAmy
50;FaQa13;FaQa13;12/8/2024;FatAmy;Diceros_bicornis;Experiment;f;Manyoni;5;A250-41;41;8692;1;13;Qaphela;f;Ithala;ff;Ma_It;Fat_Qaph;7.93179E+14;1.62709E+14;0;1.84764E+14;1.90878E+14;1.58647E+14;9.1087E+14;1.13715E+14;1.81699E+13;0;0;3.16852E+14;1.37812E+14;1.66343E+14;1.06729E+14;1.60982E+14;0;4.42805E+14;5.63304E+14;3.86234E+14;0;1.29854E+14;0;0;5.05796E+12;3.97818E+14;0;2.77057E+14;0;0;3.62874E+14;8.06677E+14;5.00593E+14;0;0;5.75173E+14;0;2.89322E+14;FatAmy
51;FaQa14;FaQa14;13/8/2024;FatAmy;Diceros_bicornis;Experiment;f;Manyoni;5;A250-42;42;8412;2;14;Qaphela;f;Ithala;ff;Ma_It;Fat_Qaph;0;9.91423E+13;0;1.73941E+14;1.53012E+14;1.12742E+14;0;0;0;0;0;7.51619E+14;0;1.38942E+14;0;1.20632E+14;0;2.44397E+14;3.69728E+14;0;0;1.80524E+14;0;0;0;0;6.13269E+14;1.95138E+14;0;0;3.68793E+14;8.88465E+14;1.01444E+13;1.18153E+14;2.78618E+14;0;0;2.60248E+14;FatAmy
52;FaQa15;FaQa15;14/8/2024;FatAmy;Diceros_bicornis;Experiment;f;Manyoni;5;A250-43;43;8402;3;15;Qaphela;f;Ithala;ff;Ma_It;Fat_Qaph;0;2.38427E+14;0;1.28237E+14;1.3632E+14;1.08154E+14;0;0;0;0;0;9.01469E+13;0;0;1.03927E+14;8.62826E+14;0;4.27058E+14;5.44543E+14;0;0;2.78008E+14;1.56932E+14;0;6.60384E+14;3.76859E+14;8.29161E+14;2.16702E+14;0;0;3.14022E+14;1.4611E+13;1.48192E+14;1.9802E+14;9.14318E+14;0;5.11001E+14;2.73878E+14;FatAmy
53;FaSo16;FaSo16;15/8/2024;FatAmy;Diceros_bicornis;Experiment;f;Manyoni;5;A250-44;44;8976;1;16;Somiso;m;Ithala;fm;Ma_It;Fat_Somi;3.54066E+14;2.08842E+14;0;1.11111E+13;1.18111E+14;9.2246E+14;1.58834E+14;0;4.44383E+14;0;0;7.49237E+14;0;2.36086E+14;0;8.55625E+14;0;3.67689E+14;3.28558E+14;3.04523E+14;0;2.16163E+14;0;0;6.73305E+14;3.44429E+14;1.8892E+14;1.48948E+14;2.97553E+14;0;1.96017E+14;8.31959E+14;1.59544E+14;1.5941E+14;0;0;2.9096E+14;2.91446E+14;FatAmy
54;FaSo17;FaSo17;16/8/2024;FatAmy;Diceros_bicornis;Experiment;f;Manyoni;5;A250-45;45;7637;2;17;Somiso;m;Ithala;fm;Ma_It;Fat_Somi;6.20289E+14;5.24641E+14;0;2.39641E+14;2.30201E+14;2.48781E+14;4.87513E+14;7.02535E+14;1.83368E+14;0;0;2.87875E+14;6.56561E+14;3.11419E+14;1.17981E+14;1.61431E+13;0;6.0644E+14;1.10943E+14;8.44981E+14;0;3.0262E+14;0;0;1.01572E+14;5.19212E+14;3.57457E+14;2.6656E+14;7.84943E+14;0;4.64045E+14;1.40686E+14;1.91434E+14;3.11956E+14;4.84837E+13;1.46476E+14;8.05565E+14;3.03841E+12;FatAmy
55;FaSo18;FaSo18;17/8/2024;FatAmy;Diceros_bicornis;Experiment;f;Manyoni;5;A250-46;46;8775;3;18;Somiso;m;Ithala;fm;Ma_It;Fat_Somi;8.80516E+14;3.81186E+14;1.15384E+14;4.51838E+13;3.80685E+14;3.34908E+14;9.62245E+14;1.42664E+14;3.70901E+14;0;0;3.74569E+14;1.43142E+12;2.12685E+14;1.89342E+14;2.93888E+14;0;3.44972E+14;7.98909E+14;1.11297E+14;0;4.14305E+14;0;0;1.05302E+14;3.13194E+14;4.12618E+14;3.28722E+14;0;0;4.73652E+13;1.76911E+14;3.06085E+14;4.57773E+14;7.95719E+14;5.21039E+14;6.89793E+14;3.15723E+14;FatAmy
66;JoFa10;JoFa10;9/8/2024;Joko;Diceros_bicornis;Experiment;f;Ithala;5;I161-45;45;9515;1;10;FatAmy;f;Manyoni;ff;It_Ma;Jok_FatA;0;6.73734E+14;0;1.39401E+14;6.57459E+14;1.32858E+14;0;0;0;0;6.80656E+14;2.41274E+14;0;0;9.96401E+14;5.11048E+14;0;9.0789E+14;1.16881E+14;0;0;2.43871E+12;0;0;2.92554E+14;0;2.19496E+14;6.13714E+14;0;0;0;2.03385E+14;2.00303E+14;1.7163E+14;1.7574E+14;7.7107E+14;0;2.71023E+14;Joko
67;JoFa11;JoFa11;10/8/2024;Joko;Diceros_bicornis;Experiment;f;Ithala;5;I161-46;46;10287;2;11;FatAmy;f;Manyoni;ff;It_Ma;Jok_FatA;0;4.99252E+14;0;2.37319E+14;9.78501E+14;2.03599E+14;0;0;0;0;0;1.58862E+14;0;0;0;8.72716E+14;0;8.54249E+14;8.06903E+14;2.64355E+14;0;4.7116E+14;5.79823E+14;8.88912E+13;2.43939E+14;0;1.24797E+14;4.05839E+14;0;0;4.88007E+14;1.94675E+14;4.52653E+14;1.17712E+14;0;8.76876E+13;0;2.70923E+14;Joko
68;JoFa12;JoFa12;11/8/2024;Joko;Diceros_bicornis;Experiment;f;Ithala;5;I161-47;47;10503;3;12;FatAmy;f;Manyoni;ff;It_Ma;Jok_FatA;0;5.24748E+14;0;1.24013E+14;1.17953E+14;1.36749E+14;0;0;0;9.14342E+14;0;7.57552E+14;0;0;0;9.20552E+14;0;5.39022E+14;9.94061E+14;4.09137E+13;5.07373E+14;6.30606E+14;4.94551E+14;0;3.52136E+14;0;0;1.79917E+14;0;0;7.28327E+14;2.55754E+13;5.89808E+14;1.03914E+14;0;5.14851E+14;0;2.57858E+14;Joko
69;JoMa1;JoMa1;31/7/2024;Joko;Diceros_bicornis;Experiment;f;Ithala;5;I161-36;36;992;1;1;Mafukuzela;f;Ithala;ff;It_It;Jok_Mafu;0;5.38247E+14;0;5.92209E+14;4.34966E+14;1.06964E+12;0;0;0;5.89708E+14;9.09952E+14;5.8357E+14;0;0;0;3.01356E+14;0;6.26298E+14;8.72387E+14;3.01244E+14;2.20017E+14;4.15249E+14;4.14842E+14;0;2.35143E+14;0;1.05397E+14;8.87558E+14;0;0;0;0;4.35317E+14;1.16418E+14;0;3.10229E+14;0;2.74771E+14;Joko
70;JoMa2;JoMa2;1/8/2024;Joko;Diceros_bicornis;Experiment;f;Ithala;5;I161-37;37;10387;2;2;Mafukuzela;f;Ithala;ff;It_It;Jok_Mafu;0;5.95823E+14;0;1.63386E+14;6.94483E+14;1.66131E+14;0;0;0;2.3153E+14;0;4.39354E+14;0;0;0;5.83646E+14;0;1.07969E+14;1.52583E+13;0;0;3.92601E+14;0;0;2.0923E+14;0;0;9.57072E+14;0;0;0;1.73697E+14;4.67358E+14;2.35296E+14;0;1.41611E+14;0;2.53594E+14;Joko
71;JoMa3;JoMa3;2/8/2024;Joko;Diceros_bicornis;Experiment;f;Ithala;5;I161-38;38;8413;3;3;Mafukuzela;f;Ithala;ff;It_It;Jok_Mafu;0;5.5438E+14;0;6.22459E+14;4.09829E+13;4.53217E+14;0;0;0;0;0;4.05552E+14;0;0;0;2.92309E+14;0;8.36268E+14;1.76535E+14;2.23909E+14;0;4.16774E+13;0;0;1.87957E+14;0;0;1.00466E+14;0;0;0;2.00152E+14;3.24439E+13;8.65865E+14;0;8.50162E+14;0;2.57966E+14;Joko
72;JoMp7;JoMp7;6/8/2024;Joko;Diceros_bicornis;Experiment;f;Ithala;5;I161-42;42;8296;1;7;Mpilo;m;Mpilo;fm;It_Mp;Jok_Mpil;0;4.75031E+13;0;1.12039E+14;6.10635E+13;6.73463E+14;0;0;0;0;0;2.9462E+13;0;0;0;5.25725E+14;0;9.25524E+14;1.91388E+13;1.47059E+14;0;1.81518E+14;8.7745E+14;0;2.58734E+14;0;1.49048E+14;6.07783E+14;0;0;0;0;2.70865E+14;2.11245E+14;0;9.00822E+14;0;2.59073E+14;Joko
73;JoMp8;JoMp8;7/8/2024;Joko;Diceros_bicornis;Experiment;f;Ithala;5;I161-43;43;9043;2;8;Mpilo;m;Mpilo;fm;It_Mp;Jok_Mpil;0;3.43123E+14;0;7.32696E+14;3.92496E+14;9.22578E+14;0;0;0;0;0;6.23887E+14;0;0;0;3.28144E+14;0;3.16838E+14;5.83983E+14;1.1127E+14;0;2.95329E+13;0;0;0;0;1.61494E+14;8.78822E+14;0;0;0;0;3.79326E+14;1.14507E+14;0;1.40065E+14;0;2.5575E+14;Joko
74;JoMp9;JoMp9;8/8/2024;Joko;Diceros_bicornis;Experiment;f;Ithala;5;I161-44;44;9612;3;9;Mpilo;m;Mpilo;fm;It_Mp;Jok_Mpil;0;3.4608E+14;0;1.41246E+14;5.00614E+14;1.06801E+14;0;0;0;1.27468E+14;0;0;0;0;0;4.2272E+14;0;7.869E+14;1.10887E+14;1.7839E+14;0;2.68325E+13;0;0;2.07417E+14;0;1.34631E+14;6.78489E+14;0;0;3.47884E+14;0;2.97198E+14;6.95585E+14;1.09982E+14;8.27764E+14;0;2.66062E+14;Joko
75;JoMs16;JoMs16;15/8/2024;Joko;Diceros_bicornis;Experiment;f;Ithala;5;I161-51;51;688;1;16;Mshanelo;m;Ithala;fm;It_It;Jok_Msha;0;5.02621E+14;0;1.11057E+14;9.16411E+14;1.23076E+13;0;0;0;0;0;2.59084E+14;0;0;0;7.5022E+14;0;8.01472E+14;1.3449E+14;2.07304E+13;0;5.82169E+14;0;0;2.11485E+13;0;1.10475E+14;9.48118E+14;0;0;5.31177E+14;3.45858E+14;5.78749E+13;1.74256E+14;1.39967E+14;0;0;2.71128E+14;Joko
76;JoMs17;JoMs17;16/8/2024;Joko;Diceros_bicornis;Experiment;f;Ithala;5;I161-52;52;7287;2;17;Mshanelo;m;Ithala;fm;It_It;Jok_Msha;0;1.44042E+14;0;3.82388E+14;1.61818E+14;2.4042E+13;0;0;0;0;0;0;0;0;0;1.6359E+14;0;2.15673E+12;2.51566E+14;6.10181E+14;0;1.24089E+14;0;0;9.25859E+14;0;9.85373E+14;3.73129E+14;0;0;1.18789E+14;7.26654E+13;1.24658E+14;3.95606E+14;0;1.95387E+14;0;2.55225E+14;Joko
77;JoMs18;JoMs18;17/8/2024;Joko;Diceros_bicornis;Experiment;f;Ithala;5;I161-53;53;8233;3;18;Mshanelo;m;Ithala;fm;It_It;Jok_Msha;0;7.56878E+14;0;1.48128E+14;7.9091E+14;1.35394E+14;0;0;0;0;0;6.07169E+14;0;0;0;5.54097E+14;0;1.53124E+14;2.13069E+14;2.01828E+14;0;5.47469E+14;0;0;3.6127E+14;0;2.42961E+14;9.65773E+14;1.56602E+14;0;0;2.77429E+14;5.60718E+13;3.05161E+14;5.49154E+14;0;0;2.61031E+14;Joko
78;JoQa4;JoQa4;3/8/2024;Joko;Diceros_bicornis;Experiment;f;Ithala;5;I161-39;39;816;1;4;Qaphela;f;Ithala;ff;It_It;Jok_Qaph;0;1.82038E+14;0;7.48742E+14;6.30545E+14;9.47077E+14;0;0;0;0;0;3.33678E+14;0;0;0;3.73773E+14;0;1.52439E+14;6.82479E+14;2.38861E+14;0;4.31637E+14;3.6806E+13;0;3.86881E+14;3.47293E+14;0;1.10035E+12;0;0;0;0;5.8707E+14;2.38153E+14;0;7.25651E+14;0;2.24178E+14;Joko
79;JoQa5;JoQa5;4/8/2024;Joko;Diceros_bicornis;Experiment;f;Ithala;5;I161-40;40;9095;2;5;Qaphela;f;Ithala;ff;It_It;Jok_Qaph;0;4.3916E+14;0;1.11436E+14;5.81118E+13;7.7917E+14;0;0;0;0;0;0;0;0;0;4.22168E+14;0;1.3944E+14;1.20845E+14;0;0;3.52078E+14;0;0;2.76479E+14;2.21009E+14;0;6.51935E+13;0;0;0;1.56115E+14;4.02379E+14;1.3435E+14;0;3.10818E+14;0;2.40068E+14;Joko
80;JoQa6;JoQa6;5/8/2024;Joko;Diceros_bicornis;Experiment;f;Ithala;5;I161-41;41;10251;3;6;Qaphela;f;Ithala;ff;It_It;Jok_Qaph;0;4.78252E+14;0;1.08395E+14;3.56903E+14;8.65659E+14;0;0;0;0;0;3.12192E+13;0;0;0;2.25949E+14;0;4.2225E+14;9.56223E+14;3.02958E+13;0;5.38184E+14;1.37403E+14;0;2.76407E+14;0;1.91744E+14;8.63466E+14;0;0;0;2.31946E+14;6.75011E+14;1.1123E+14;1.42619E+14;1.30476E+14;0;1.94113E+14;Joko
81;JoTh13;JoTh13;12/8/2024;Joko;Diceros_bicornis;Experiment;f;Ithala;5;I161-48;48;852;1;13;TheRock;m;Thanda;fm;It_Th;Jok_TheR;0;7.93916E+14;0;1.44728E+14;1.22183E+14;7.51252E+14;0;0;0;0;0;1.24918E+14;0;0;0;1.05115E+14;0;2.27079E+14;2.99234E+14;0;0;3.67073E+14;5.24918E+13;0;4.38931E+14;2.48079E+14;1.31753E+14;1.80829E+13;0;0;0;2.33021E+14;3.15608E+14;1.98777E+14;0;0;0;2.51114E+14;Joko
82;JoTh14;JoTh14;13/8/2024;Joko;Diceros_bicornis;Experiment;f;Ithala;5;I161-49;49;8995;2;14;TheRock;m;Thanda;fm;It_Th;Jok_TheR;0;5.77298E+14;0;1.00368E+14;8.28059E+14;6.96906E+14;0;0;0;4.77223E+14;0;4.95128E+14;0;0;0;6.73809E+13;0;8.07623E+14;1.27352E+14;0;2.99668E+14;4.24135E+14;0;0;2.43198E+14;0;1.05767E+14;2.12227E+14;0;0;0;2.79422E+14;4.20605E+14;2.20126E+13;0;1.69771E+14;0;2.65394E+14;Joko
83;JoTh15;JoTh15;14/8/2024;Joko;Diceros_bicornis;Experiment;f;Ithala;5;I161-50;50;5723;3;15;TheRock;m;Thanda;fm;It_Th;Jok_TheR;0;6.02313E+14;0;1.96691E+14;8.37612E+14;1.6612E+14;0;0;0;0;0;6.68163E+14;0;0;0;7.41033E+14;0;9.47904E+14;1.51596E+13;0;0;5.0671E+13;0;0;0;0;1.90512E+14;1.69384E+14;0;0;1.15655E+14;0;4.70115E+14;3.34027E+14;0;8.93001E+14;0;2.55207E+14;Joko
94;MaBi7;MaBi7;6/8/2024;Mafukuzela;Diceros_bicornis;Experiment;f;Ithala;5;I152-44;44;8438;1;7;Billie;f;Thanda;ff;It_Th;Maf_Bill;0;5.95422E+13;0;3.23867E+14;1.18181E+14;1.9104E+13;0;0;0;0;0;8.75884E+14;0;0;0;1.00168E+14;0;1.4018E+14;1.74682E+14;0;0;6.08169E+14;0;0;5.32495E+14;0;2.88999E+14;1.26343E+14;0;0;0;0;6.57616E+14;0;0;2.24145E+14;0;2.48066E+14;Mafukuzela
95;MaBi8;MaBi8;7/8/2024;Mafukuzela;Diceros_bicornis;Experiment;f;Ithala;5;I152-45;45;9853;2;8;Billie;f;Thanda;ff;It_Th;Maf_Bill;0;1.00176E+14;0;4.73828E+14;1.32138E+14;2.81699E+14;1.61406E+13;0;6.64681E+14;0;0;7.81948E+14;0;0;0;1.01981E+14;0;1.77851E+14;3.21013E+14;3.76761E+14;0;8.17338E+14;0;0;4.15888E+14;0;3.56507E+14;1.25259E+12;0;0;2.72419E+14;4.75415E+13;8.41514E+14;1.72858E+14;0;2.45518E+14;0;2.72415E+14;Mafukuzela
96;MaBi9;MaBi9;8/8/2024;Mafukuzela;Diceros_bicornis;Experiment;f;Ithala;5;I152-46;46;9833;3;9;Billie;f;Thanda;ff;It_Th;Maf_Bill;0;8.33015E+14;0;3.95534E+14;1.30246E+14;2.64279E+14;1.56439E+14;0;0;0;9.98527E+14;6.06664E+14;0;0;0;1.00209E+14;0;1.82948E+14;2.22234E+14;2.7995E+14;0;5.43618E+14;0;0;4.07697E+14;0;1.78196E+14;1.3889E+14;0;0;0;0;5.73848E+14;0;0;1.91025E+14;0;2.58308E+14;Mafukuzela
97;MaJo16;MaJo16;15/8/2024;Mafukuzela;Diceros_bicornis;Experiment;f;Ithala;5;I152-51;53;8058;1;16;Joko;f;Ithala;ff;It_It;Maf_Joko;0;1.59749E+14;0;8.90542E+14;2.15294E+14;5.26107E+13;0;0;0;0;2.1972E+14;2.59886E+14;0;0;4.24519E+14;1.94847E+14;0;3.40568E+14;4.63856E+14;4.29859E+14;0;9.78973E+14;1.23664E+14;0;8.67327E+14;2.77962E+14;2.37563E+14;3.12263E+14;0;0;0;6.3565E+14;8.87714E+14;0;3.78392E+14;1.9949E+14;0;2.68933E+14;Mafukuzela
98;MaJo17;MaJo17;16/8/2024;Mafukuzela;Diceros_bicornis;Experiment;f;Ithala;5;I152-54;54;679;2;17;Joko;f;Ithala;ff;It_It;Maf_Joko;0;1.87183E+14;9.65752E+13;4.87595E+14;2.9535E+14;3.6479E+14;0;0;0;0;1.63795E+14;1.28317E+13;0;0;0;2.24004E+14;0;3.13065E+14;3.81187E+14;0;0;9.67206E+13;0;0;8.11435E+14;0;3.40702E+14;2.59039E+14;0;1.11974E+14;4.73025E+14;6.31685E+14;8.018E+13;0;0;0;0;2.69969E+14;Mafukuzela
99;MaJo18;MaJo18;17/8/2024;Mafukuzela;Diceros_bicornis;Experiment;f;Ithala;5;I152-55;55;8052;3;18;Joko;f;Ithala;ff;It_It;Maf_Joko;0;4.82523E+14;0;1.88609E+14;4.81844E+13;1.71297E+14;0;0;1.63869E+14;0;9.07136E+14;4.17826E+14;0;4.93408E+14;2.30347E+14;4.61062E+13;0;1.16764E+13;1.59989E+14;0;0;2.30811E+14;4.74309E+14;0;2.06591E+14;1.02031E+13;0;4.24862E+14;0;0;0;1.42879E+14;2.04922E+14;0;0;0;0;2.60833E+14;Mafukuzela
100;MaMs4;MaMs4;3/8/2024;Mafukuzela;Diceros_bicornis;Experiment;f;Ithala;5;I152-41;41;9851;1;4;Mshanelo;m;Ithala;fm;It_It;Maf_Msha;0;9.91E+13;0;2.72355E+14;1.25724E+14;2.59367E+14;0;0;0;0;7.78352E+14;1.77019E+14;0;0;1.90354E+14;9.00944E+12;0;4.99029E+14;2.42386E+13;0;0;5.94165E+14;9.87926E+14;0;5.68306E+13;1.20278E+13;2.57342E+13;1.85653E+14;0;0;1.6967E+13;3.29167E+14;6.55149E+14;0;0;6.34298E+14;0;2.73349E+14;Mafukuzela
101;MaMs5;MaMs5;4/8/2024;Mafukuzela;Diceros_bicornis;Experiment;f;Ithala;5;I152-42;42;8968;2;5;Mshanelo;m;Ithala;fm;It_It;Maf_Msha;0;6.19816E+14;0;1.76277E+13;9.67865E+14;1.55399E+14;0;0;4.31145E+14;0;7.38296E+14;5.71376E+14;0;0;1.32862E+14;6.00007E+14;0;2.984E+14;1.78695E+14;2.53455E+14;0;4.86647E+14;0;0;4.29259E+14;6.5562E+14;0;9.66643E+14;0;0;0;2.15877E+14;4.40163E+14;0;0;2.29947E+14;0;1.80224E+14;Mafukuzela
102;MaMs6;MaMs6;5/8/2024;Mafukuzela;Diceros_bicornis;Experiment;f;Ithala;5;I152-43;43;1163;3;6;Mshanelo;m;Ithala;fm;It_It;Maf_Msha;0;1.31786E+14;0;1.56118E+13;7.95625E+14;1.12053E+14;0;0;4.78305E+14;0;0;1.18697E+14;0;0;0;5.18146E+14;0;2.34278E+14;3.099E+14;2.73269E+14;0;5.851E+14;0;0;4.04098E+14;2.39E+14;0;1.16016E+14;0;0;0;0;5.26071E+14;0;0;6.18574E+14;0;2.52933E+14;Mafukuzela
103;MaNd13;MaNd13;12/8/2024;Mafukuzela;Diceros_bicornis;Experiment;f;Ithala;5;I152-50;50;9147;1;13;Ndlebe;f;Somkhanda;ff;It_So;Maf_Ndle;0;1.2184E+14;0;1.40559E+14;1.06997E+14;1.21427E+13;0;0;3.08879E+14;0;0;6.97934E+14;0;0;0;5.98651E+14;0;1.61078E+14;2.87141E+14;0;0;3.19552E+14;0;0;0;0;2.11625E+14;2.02385E+14;0;5.46963E+14;1.53606E+14;0;2.80336E+14;0;0;0;0;2.46017E+14;Mafukuzela
104;MaNd14;MaNd14;13/8/2024;Mafukuzela;Diceros_bicornis;Experiment;f;Ithala;5;I152-51;51;11018;2;14;Ndlebe;f;Somkhanda;ff;It_So;Maf_Ndle;0;2.94034E+14;0;3.67615E+13;1.21913E+14;2.74885E+14;0;0;0;0;1.2853E+14;1.05281E+14;0;0;1.01088E+14;7.19728E+14;0;4.3515E+14;4.81571E+14;0;0;0;2.40636E+14;0;4.96558E+14;4.06724E+14;3.22026E+14;2.80464E+14;0;0;0;0;0;1.19617E+14;3.77904E+14;7.73812E+14;0;2.64563E+14;Mafukuzela
105;MaNd15;MaNd15;14/8/2024;Mafukuzela;Diceros_bicornis;Experiment;f;Ithala;5;I152-50;52;8605;3;15;Ndlebe;f;Somkhanda;ff;It_So;Maf_Ndle;0;3.05736E+14;0;3.1137E+14;1.7609E+13;2.60166E+14;0;0;0;0;0;2.05727E+13;0;0;0;1.32618E+14;0;4.17872E+14;5.87172E+14;0;0;1.51764E+14;0;0;8.40935E+14;0;5.95015E+14;3.61997E+14;0;0;3.49354E+13;8.79027E+14;1.41366E+14;0;0;1.18655E+13;0;2.60649E+14;Mafukuzela
106;MaNs1;MaNs1;31/7/2024;Mafukuzela;Diceros_bicornis;Experiment;f;Ithala;5;I152-38;38;8106;1;1;Nsele;m;Ithala;fm;It_It;Maf_Nsel;0;6.61695E+14;0;8.33294E+14;4.4497E+14;7.81744E+14;0;0;2.45402E+14;2.85452E+14;0;8.91745E+13;0;0;0;2.32605E+14;0;1.39519E+14;9.62654E+14;2.44657E+14;0;2.95333E+14;0;0;2.15914E+14;1.46929E+14;0;8.77646E+14;0;0;0;0;4.75825E+14;0;1.867E+14;1.25184E+14;0;2.66598E+14;Mafukuzela
107;MaNs2;MaNs2;1/8/2024;Mafukuzela;Diceros_bicornis;Experiment;f;Ithala;5;I152-39;39;96;2;2;Nsele;m;Ithala;fm;It_It;Maf_Nsel;0;2.9177E+14;0;1.61927E+14;2.9874E+12;1.27495E+14;0;0;0;2.01337E+14;4.77283E+14;6.30924E+14;0;0;0;2.29177E+14;0;5.92777E+13;5.22443E+14;1.55261E+14;0;0;0;0;2.10526E+14;0;1.36978E+14;7.25647E+13;0;0;0;0;3.06707E+14;0;0;1.43641E+13;0;2.49488E+14;Mafukuzela
108;MaNs3;MaNs3;2/8/2024;Mafukuzela;Diceros_bicornis;Experiment;f;Ithala;5;I152-40;40;8629;3;3;Nsele;m;Ithala;fm;It_It;Maf_Nsel;0;1.11875E+13;0;2.35386E+14;7.71958E+14;1.65167E+14;0;0;2.85545E+14;3.72025E+14;6.99081E+14;6.58245E+14;0;0;4.78897E+14;5.90797E+14;0;2.6385E+14;2.07981E+14;3.43298E+14;0;4.88748E+14;6.78062E+14;0;4.58757E+14;2.8584E+14;2.28099E+14;1.41428E+14;0;0;0;2.47701E+14;4.63445E+13;6.57369E+14;2.09643E+13;1.95088E+14;0;2.90112E+14;Mafukuzela
109;MaSo10;MaSo10;9/8/2024;Mafukuzela;Diceros_bicornis;Experiment;f;Ithala;5;I152-47;47;10255;1;10;Somiso;m;Ithala;fm;It_It;Maf_Somi;7.9315E+14;4.03177E+14;3.32506E+13;6.54431E+14;3.40088E+14;4.14814E+14;6.92541E+14;8.17565E+14;0;0;0;1.33916E+14;0;2.33608E+14;3.60008E+14;2.7203E+14;0;5.58543E+14;8.54179E+13;6.3602E+14;0;1.05839E+14;0;0;1.52873E+14;6.05226E+14;7.27151E+14;2.79301E+14;0;0;0;8.47642E+13;8.97197E+14;0;8.6548E+14;6.37654E+14;0;2.85544E+14;Mafukuzela
110;MaSo11;MaSo11;10/8/2024;Mafukuzela;Diceros_bicornis;Experiment;f;Ithala;5;I152-48;48;10706;2;11;Somiso;m;Ithala;fm;It_It;Maf_Somi;2.6873E+14;5.12033E+14;0;5.83855E+14;3.70074E+13;5.86072E+14;2.20283E+14;3.124E+14;1.00369E+14;0;0;1.02745E+14;2.84895E+14;0;0;2.04095E+14;0;6.45475E+14;9.74768E+14;1.26758E+14;0;2.78197E+14;3.59155E+14;0;1.78223E+14;0;0;4.04047E+14;0;0;0;0;3.04024E+14;0;0;5.64461E+14;0;2.838E+14;Mafukuzela
111;MaSo12;MaSo12;11/8/2024;Mafukuzela;Diceros_bicornis;Experiment;f;Ithala;5;I152-49;49;8978;3;12;Somiso;m;Ithala;fm;It_It;Maf_Somi;0;3.37655E+14;0;4.36067E+13;2.76975E+14;3.18006E+14;0;0;0;0;1.95136E+14;1.9469E+14;0;2.19299E+14;0;1.61882E+14;0;4.77136E+14;7.95395E+12;0;0;7.98922E+14;3.33085E+13;1.17064E+14;7.06856E+13;4.02939E+14;5.45504E+14;3.91795E+13;0;0;0;0;6.60214E+14;0;0;1.79159E+14;0;2.71928E+14;Mafukuzela
122;MpFa4;MpFa4;3/8/2024;Mpilo;Diceros_bicornis;Experiment;m;Mpilo;5;M14-39;39;8507;1;4;FatAmy;f;Manyoni;mf;Mp_Ma;Mpi_FatA;0;4.21881E+13;0;5.13541E+14;5.84618E+14;6.37874E+14;0;0;0;0;0;1.60422E+14;0;0;0;4.51508E+14;0;2.1094E+14;1.36892E+14;9.06093E+14;0;3.60863E+14;0;0;2.06307E+14;3.00664E+14;0;6.38196E+14;0;0;1.00965E+14;1.98714E+14;3.2025E+13;0;0;9.51124E+14;0;1.91987E+14;Mpilo
123;MpFa5;MpFa5;4/8/2024;Mpilo;Diceros_bicornis;Experiment;m;Mpilo;5;M14-40;40;8818;2;5;FatAmy;f;Manyoni;mf;Mp_Ma;Mpi_FatA;0;3.73969E+13;0;7.34932E+14;5.97205E+14;5.17464E+14;0;0;0;0;0;2.08089E+14;0;0;0;4.6792E+14;0;2.1595E+14;1.14968E+14;1.11812E+14;0;3.23008E+14;0;0;2.36324E+14;3.54326E+14;0;3.88558E+14;0;0;1.04587E+14;2.01526E+14;2.89884E+14;0;0;1.32387E+14;0;1.69041E+14;Mpilo
124;MpFa6;MpFa6;5/8/2024;Mpilo;Diceros_bicornis;Experiment;m;Mpilo;5;M14-41;41;8364;3;6;FatAmy;f;Manyoni;mf;Mp_Ma;Mpi_FatA;0;3.01012E+13;0;8.17884E+14;4.19397E+14;8.27476E+14;0;0;0;0;0;1.8285E+14;0;0;0;4.09382E+14;0;6.86216E+14;6.52215E+14;1.20962E+14;0;3.4284E+14;0;0;2.06158E+14;0;0;6.41827E+12;0;0;0;0;3.70708E+14;0;0;3.84462E+14;0;2.51506E+14;Mpilo
125;MpJo1;MpJo1;31/7/2024;Mpilo;Diceros_bicornis;Experiment;m;Mpilo;5;M14-36;36;8708;1;1;Joko;f;Ithala;mf;Mp_It;Mpi_Joko;0;0;0;8.95709E+14;5.80472E+14;8.7549E+14;0;0;0;2.19038E+14;0;5.18228E+14;0;0;0;4.9674E+13;0;1.01166E+14;1.70981E+14;0;0;3.81192E+14;0;0;4.36654E+11;0;0;7.96323E+14;0;0;2.30964E+14;3.03889E+14;3.44503E+14;0;0;1.07573E+14;0;2.50213E+14;Mpilo
126;MpJo2;MpJo2;1/8/2024;Mpilo;Diceros_bicornis;Experiment;m;Mpilo;5;M14-37;37;8903;2;2;Joko;f;Ithala;mf;Mp_It;Mpi_Joko;0;4.35369E+14;0;5.47277E+14;4.23199E+14;7.22024E+14;0;0;0;0;0;4.38733E+14;0;0;0;2.5609E+14;0;9.54157E+13;1.13155E+14;0;0;3.12206E+14;0;0;2.97339E+13;0;0;7.21493E+14;0;0;2.85691E+14;0;3.73905E+14;0;0;1.1493E+14;0;2.36973E+14;Mpilo
127;MpJo3;MpJo3;2/8/2024;Mpilo;Diceros_bicornis;Experiment;m;Mpilo;5;M14-38;38;9509;3;3;Joko;f;Ithala;mf;Mp_It;Mpi_Joko;0;0;0;8.98507E+14;6.2583E+14;6.46429E+14;0;0;0;1.61089E+14;0;623441495.9;0;0;0;4.51565E+13;0;2.26342E+14;3.02686E+14;2.07843E+14;0;4.3036E+13;0;0;2.73371E+14;1.8877E+14;0;7.85269E+14;0;0;9.85556E+14;2.51001E+14;3.83534E+14;0;0;9.42282E+14;0;2.40421E+14;Mpilo
128;MpNs10;MpNs10;9/8/2024;Mpilo;Diceros_bicornis;Experiment;m;Mpilo;5;M14-45;45;7598;1;10;Nsele;m;Ithala;mm;Mp_It;Mpi_Nsel;0;6.75609E+14;0;8.25537E+14;4.16494E+13;7.13883E+14;0;0;0;0;0;1.97339E+14;0;0;6.90764E+14;7.71281E+14;0;1.50333E+13;1.64404E+13;4.14732E+14;0;6.39404E+14;3.01587E+14;0;3.56045E+14;0;1.36122E+14;1.97817E+14;0;0;2.01663E+14;5.0684E+14;5.07442E+14;0;0;2.06741E+13;0;2.75061E+14;Mpilo
129;MpNs11;MpNs11;10/8/2024;Mpilo;Diceros_bicornis;Experiment;m;Mpilo;5;M14-46;46;12201;2;11;Nsele;m;Ithala;mm;Mp_It;Mpi_Nsel;0;8.52838E+14;0;6.8935E+14;6.64328E+14;8.34404E+14;0;0;0;0;0;7.78495E+14;0;4.70019E+14;0;3.99108E+14;0;1.55169E+14;3.03696E+13;1.88508E+14;0;9.95264E+12;0;6.65136E+14;4.00673E+14;1.23986E+14;7.86202E+14;2.02507E+14;0;0;1.04547E+14;5.1789E+14;6.0378E+14;0;0;4.987E+14;2.22319E+14;2.79206E+14;Mpilo
130;MpNs12;MpNs12;11/8/2024;Mpilo;Diceros_bicornis;Experiment;m;Mpilo;5;M14-47;47;10525;3;12;Nsele;m;Ithala;mm;Mp_It;Mpi_Nsel;0;1.89629E+14;0;6.67435E+14;1.18619E+14;7.15941E+13;0;0;0;0;0;7.37727E+14;0;0;0;9.21241E+14;1.40398E+14;2.60536E+14;4.06145E+14;2.34866E+14;0;1.34801E+14;5.38659E+14;0;3.69009E+14;2.63E+14;1.0867E+14;1.62274E+14;0;0;1.33081E+14;7.61489E+14;7.60626E+13;0;0;8.87549E+13;3.52532E+14;2.67536E+14;Mpilo
131;MpQa7;MpQa7;6/8/2024;Mpilo;Diceros_bicornis;Experiment;m;Mpilo;5;M14-42;42;10483;1;7;Qaphela;f;Ithala;mf;Mp_It;Mpi_Qaph;0;3.95997E+14;0;8.62776E+14;2.7029E+13;7.63578E+14;0;0;0;0;0;2.44937E+14;0;0;0;2.68065E+14;0;7.96022E+14;1.25834E+14;1.18374E+14;0;3.85754E+13;0;0;2.74994E+13;0;0;5.9078E+14;0;0;0;2.18138E+14;4.91838E+14;0;0;9.59516E+14;0;2.55006E+14;Mpilo
132;MpQa8;MpQa8;7/8/2024;Mpilo;Diceros_bicornis;Experiment;m;Mpilo;5;M14-43;43;10377;2;8;Qaphela;f;Ithala;mf;Mp_It;Mpi_Qaph;0;8.88959E+14;0;8.45964E+14;8.02887E+14;8.59244E+14;0;0;0;0;0;198201344;0;0;0;4.82261E+14;0;9.87768E+14;2.32118E+14;0;0;6.5741E+14;0;0;3.36038E+14;0;1.47813E+14;0;0;0;3.02248E+14;4.5921E+14;4.57562E+14;0;0;0;0;2.34518E+14;Mpilo
133;MpQa9;MpQa9;8/8/2024;Mpilo;Diceros_bicornis;Experiment;m;Mpilo;5;M14-44;44;9028;3;9;Qaphela;f;Ithala;mf;Mp_It;Mpi_Qaph;0;9.05012E+13;0;5.33134E+13;6.41007E+14;4.85804E+14;0;0;0;0;0;2.276E+14;0;1.22541E+14;3.99348E+14;6.59201E+14;0;1.72344E+14;2.64574E+14;1.3151E+14;0;3.32354E+13;2.32117E+14;0;3.97794E+13;1.90689E+14;1.12732E+14;7.39189E+14;0;0;8.44516E+14;3.3002E+14;2.07205E+14;0;0;6.3443E+14;2.112E+14;2.79561E+14;Mpilo
134;MpSo13;MpSo13;12/8/2024;Mpilo;Diceros_bicornis;Experiment;m;Mpilo;5;M14-48;48;9348;1;13;Somiso;m;Ithala;mm;Mp_It;Mpi_Somi;0;4.91597E+14;0;9.86992E+14;5.97413E+14;7.78721E+14;0;0;0;0;0;3.12919E+14;0;8.10975E+14;0;4.17423E+14;0;1.10699E+14;1.67213E+14;0;0;5.23065E+14;2.86986E+14;0;3.55274E+14;1.22948E+14;1.15697E+14;7.65673E+14;0;0;1.0004E+14;3.15438E+14;2.29661E+14;0;0;2.18587E+14;1.38338E+14;2.78992E+14;Mpilo
135;MpSo14;MpSo14;13/8/2024;Mpilo;Diceros_bicornis;Experiment;m;Mpilo;5;M14-49;49;9322;2;14;Somiso;m;Ithala;mm;Mp_It;Mpi_Somi;0;3.42583E+14;0;9.97727E+14;4.2805E+14;6.48826E+14;0;0;0;0;0;3.15376E+14;0;4.06314E+14;0;2.65646E+14;0;7.06951E+14;1.08541E+14;0;0;3.27782E+14;0;0;2.43432E+14;0;1.18754E+14;6.85656E+12;0;0;8.55339E+14;2.86102E+14;2.46393E+14;0;0;0;0;2.62712E+14;Mpilo
136;MpSo15;MpSo15;14/8/2024;Mpilo;Diceros_bicornis;Experiment;m;Mpilo;5;M14-50;50;8655;3;15;Somiso;m;Ithala;mm;Mp_It;Mpi_Somi;0;5.96136E+14;0;2.15432E+14;1.05088E+14;1.57349E+14;0;0;0;0;6.99391E+14;4.37462E+14;0;1.07854E+14;0;7.37005E+14;0;1.06419E+14;1.99933E+14;0;0;9.04026E+14;0;0;3.71323E+14;0;0;7.0571E+14;0;0;1.31151E+13;3.91749E+14;4.59517E+14;0;0;0;0;2.63152E+14;Mpilo
137;MpTh16;MpTh16;15/8/2024;Mpilo;Diceros_bicornis;Experiment;m;Mpilo;5;M14-51;51;904;1;16;TheRock;m;Thanda;mm;Mp_Th;Mpi_TheR;0;9.32195E+14;0;2.37508E+14;1.16756E+14;2.30852E+14;0;0;0;0;1.01942E+13;7.68713E+14;0;1.38483E+14;0;8.89158E+14;0;1.71247E+14;2.08014E+14;0;0;6.38561E+14;0;0;4.41327E+14;0;1.8198E+14;1.02677E+14;0;0;1.66663E+14;3.30068E+14;4.86275E+14;0;0;0;0;2.69928E+14;Mpilo
138;MpTh17;MpTh17;16/8/2024;Mpilo;Diceros_bicornis;Experiment;m;Mpilo;5;M14-52;52;7693;2;17;TheRock;m;Thanda;mm;Mp_Th;Mpi_TheR;0;0;0;0;0;0;0;0;0;0;0;0;0;0;0;0;0;0;0;0;0;0;0;0;0;0;0;0;0;0;1.6654E+14;0;1.93598E+14;0;0;0;0;3.34088E+14;Mpilo
139;MpTh18;MpTh18;17/8/2024;Mpilo;Diceros_bicornis;Experiment;m;Mpilo;5;M14-53;53;7038;3;18;TheRock;m;Thanda;mm;Mp_Th;Mpi_TheR;0;2.48747E+14;0;2.88247E+14;2.38E+14;2.02923E+14;0;0;0;0;0;1.26328E+14;0;2.11716E+14;0;1.35383E+14;0;3.59556E+14;4.93141E+14;6.1458E+14;0;2.68263E+14;0;0;8.70855E+14;0;4.5654E+14;2.40035E+14;0;0;3.65841E+13;1.4448E+14;1.72286E+14;1.5602E+14;0;0;0;2.76994E+14;Mpilo
150;MsFa1;MsFa1;31/7/2024;Mshanelo;Diceros_bicornis;Experiment;m;Ithala;6;I153-38;38;8608;1;1;FatAmy;f;Manyoni;mf;It_Ma;Msh_FatA;0;6.06301E+14;0;1.25329E+14;7.08942E+14;1.23611E+14;0;0;0;2.58497E+13;0;4.91853E+14;0;5.56773E+14;0;4.43766E+14;0;9.6896E+14;1.11173E+14;0;1.12868E+14;3.71134E+14;0;0;2.16714E+14;0;1.5108E+14;1.03474E+14;0;0;1.40833E+14;0;8.19564E+14;0;1.19257E+14;1.07897E+14;0;2.7984E+14;Mshanelo
151;MsFa2;MsFa2;1/8/2024;Mshanelo;Diceros_bicornis;Experiment;m;Ithala;6;I153-39;39;863;2;2;FatAmy;f;Manyoni;mf;It_Ma;Msh_FatA;0;4.14975E+14;0;1.02837E+14;1.26505E+14;1.00202E+14;0;0;0;5.03072E+14;0;1.33364E+14;0;0;3.92854E+14;7.57291E+14;0;4.46185E+14;9.22529E+14;4.22258E+14;2.19472E+14;5.97894E+14;0;0;2.8897E+13;0;1.26701E+14;2.00182E+13;0;0;5.71287E+14;0;6.37206E+14;0;0;1.69413E+14;0;2.78234E+13;Mshanelo
152;MsFa3;MsFa3;2/8/2024;Mshanelo;Diceros_bicornis;Experiment;m;Ithala;6;I153-40;40;10168;3;3;FatAmy;f;Manyoni;mf;It_Ma;Msh_FatA;0;1.26267E+14;0;3.46546E+14;1.21193E+14;2.97874E+14;0;0;0;0;2.02949E+14;9.11586E+14;0;0;1.18635E+14;5.49832E+14;0;1.19368E+14;3.54733E+14;0;0;5.8081E+13;1.73574E+14;0;7.58403E+14;0;1.97467E+14;2.2732E+14;0;0;0;0;8.37589E+14;0;0;2.11319E+14;0;2.68657E+14;Mshanelo
153;MsJo7;MsJo7;6/8/2024;Mshanelo;Diceros_bicornis;Experiment;m;Ithala;6;I153-44;44;8694;1;7;Joko;f;Ithala;mf;It_It;Msh_Joko;0;3.55792E+14;0;2.09718E+14;7.59467E+14;2.10001E+14;0;0;0;0;1.14001E+14;7.97009E+14;0;0;0;4.08839E+14;0;3.11908E+14;6.10616E+14;2.7921E+14;0;4.51509E+13;7.95391E+13;0;3.08755E+14;0;1.68502E+14;1.36261E+14;0;0;0;2.13809E+14;5.37873E+14;0;0;1.67086E+14;0;2.65792E+14;Mshanelo
154;MsJo8;MsJo8;7/8/2024;Mshanelo;Diceros_bicornis;Experiment;m;Ithala;6;I153-45;45;9367;2;8;Joko;f;Ithala;mf;It_It;Msh_Joko;0;1.35712E+14;0;6.40367E+14;1.99528E+14;3.99465E+14;0;0;4.75749E+14;5.7682E+14;1.99242E+14;1.51023E+14;0;0;0;1.44441E+14;0;3.40529E+14;3.77133E+14;8.09972E+13;0;1.42882E+14;2.0619E+14;0;1.08916E+14;2.76318E+14;6.40621E+14;2.25046E+14;5.72837E+13;0;0;7.02301E+14;1.43907E+14;0;0;3.37361E+13;0;2.80947E+14;Mshanelo
155;MsJo9;MsJo9;8/8/2024;Mshanelo;Diceros_bicornis;Experiment;m;Ithala;6;I153-46;46;10381;3;9;Joko;f;Ithala;mf;It_It;Msh_Joko;0;1.98808E+14;0;7.45269E+14;1.43075E+14;4.78043E+14;0;0;0;0;2.18889E+14;1.66963E+14;0;1.71714E+13;1.41498E+14;1.0642E+14;0;2.97789E+14;5.01585E+14;0;0;8.06438E+14;1.97361E+14;0;1.18832E+14;0;3.52531E+14;2.13135E+14;0;0;2.04781E+14;4.04367E+14;9.15891E+14;0;3.18334E+14;2.22248E+14;0;2.80544E+14;Mshanelo
156;MsMp13;MsMp13;12/8/2024;Mshanelo;Diceros_bicornis;Experiment;m;Ithala;6;I153-50;50;9705;1;13;Mpilo;m;Mpilo;mm;It_Mp;Msh_Mpil;0;1.19788E+14;0;3.05772E+14;1.15036E+14;2E+14;0;0;0;0;0;1.75151E+14;0;0;0;8.12963E+14;0;2.13973E+14;2.58866E+14;0;0;6.53879E+14;0;0;7.66968E+14;2.18348E+14;1.90575E+14;2.88253E+14;0;0;0;3.58121E+14;5.67093E+14;0;0;7.37253E+14;0;2.57173E+14;Mshanelo
157;MsMp14;MsMp14;13/8/2024;Mshanelo;Diceros_bicornis;Experiment;m;Ithala;6;I153-51;51;10958;2;14;Mpilo;m;Mpilo;mm;It_Mp;Msh_Mpil;0;6.45552E+14;1114637469;2.30719E+14;7.19228E+14;1.86118E+14;0;0;0;0;0;1.24828E+14;0;0;0;6.0584E+14;0;1.43565E+14;2.17775E+14;0;0;5.91828E+13;0;0;4.63931E+14;0;2.32559E+14;1.91238E+14;0;0;0;3.54437E+14;4.67571E+13;0;0;6.8237E+13;0;2.5249E+14;Mshanelo
158;MsMp15;MsMp15;14/8/2024;Mshanelo;Diceros_bicornis;Experiment;m;Ithala;6;I153-52;52;7868;3;15;Mpilo;m;Mpilo;mm;It_Mp;Msh_Mpil;0;1.8478E+14;0;3.8711E+14;2.05786E+13;3.2693E+14;0;0;5.58235E+13;0;1.87702E+14;2.27032E+14;0;0;0;1.31089E+14;0;3.09438E+14;4.90587E+14;0;0;1.33107E+14;2.53327E+14;0;6.75325E+14;2.84374E+14;1.53343E+14;2.75132E+14;0;0;1.50626E+13;6.44677E+14;9.08707E+14;0;0;1.2742E+14;0;2.81426E+14;Mshanelo
159;MsNd10;MsNd10;9/8/2024;Mshanelo;Diceros_bicornis;Experiment;m;Ithala;6;I153-47;47;10021;1;10;Ndlebe;f;Somkhanda;mf;It_So;Msh_Ndle;0;2.79512E+14;0;1.04334E+14;3.48491E+14;7.77326E+14;0;0;0;0;5.42589E+14;2.08161E+14;0;0;0;2.52472E+14;0;6.04425E+13;5.50313E+14;0;0;1.55645E+14;4.34328E+14;0;9.15888E+14;5.90903E+14;6.62556E+14;2.44028E+14;0;0;0;1.06252E+14;1.01221E+13;0;6.5674E+14;2.20938E+14;0;2.67264E+14;Mshanelo
160;MsNd11;MsNd11;10/8/2024;Mshanelo;Diceros_bicornis;Experiment;m;Ithala;6;I153-48;48;10113;2;11;Ndlebe;f;Somkhanda;mf;It_So;Msh_Ndle;0;1.17054E+14;0;2.75968E+13;8.39627E+14;2.81605E+13;0;0;0;0;1.01327E+14;9.72355E+14;0;0;0;5.668E+14;0;2.05796E+14;2.22362E+14;0;0;4.28323E+14;9.5573E+14;0;3.23617E+14;0;2.38746E+14;1.66317E+14;0;0;0;0;4.63323E+14;0;0;2.34826E+14;0;2.55307E+14;Mshanelo
161;MsNd12;MsNd12;11/8/2024;Mshanelo;Diceros_bicornis;Experiment;m;Ithala;6;I153-49;49;9088;3;12;Ndlebe;f;Somkhanda;mf;It_So;Msh_Ndle;0;1.28911E+14;0;4.01923E+14;1.87473E+14;4.57113E+13;0;0;0;0;1.72139E+14;2.87862E+14;0;0;0;1.27706E+14;0;3.36196E+14;3.99377E+14;0;0;8.42072E+14;1.65757E+14;1.03857E+14;8.45735E+14;3.84434E+13;3.58518E+14;3.904E+14;0;0;0;4.1592E+14;7.95069E+14;0;0;1.61245E+14;0;2.73514E+14;Mshanelo
162;MsNs16;MsNs16;15/8/2024;Mshanelo;Diceros_bicornis;Experiment;m;Ithala;6;I153-53;53;7829;1;16;Nsele;m;Ithala;mm;It_It;Msh_Nsel;0;1.16096E+14;3.72946E+14;2.16218E+14;1.2234E+14;1.86939E+14;0;0;0;0;0;7.85823E+13;0;0;0;6.45837E+14;0;2.18165E+14;3.27241E+13;0;0;2.94329E+14;1.38359E+14;0;3.79575E+14;1.77309E+14;3.90486E+14;1.58107E+14;0;0;7.82292E+14;0;0;0;2.63141E+14;8.39946E+13;0;2.59923E+14;Mshanelo
163;MsNs17;MsNs17;16/8/2024;Mshanelo;Diceros_bicornis;Experiment;m;Ithala;6;I153-54;54;7909;2;17;Nsele;m;Ithala;mm;It_It;Msh_Nsel;0;1.79746E+14;1.67078E+14;5.70184E+14;1.84009E+14;3.94652E+14;0;0;0;0;0;1.44498E+14;0;0;3.05856E+14;1.37019E+14;0;2.29842E+14;4.58824E+13;0;0;1.12919E+13;1.2347E+14;0;8.29929E+14;2.08205E+14;3.92649E+14;1.77973E+13;0;0;0;7.04473E+14;8.35634E+13;0;0;0;0;2.66766E+14;Mshanelo
164;MsNs18;MsNs18;17/8/2024;Mshanelo;Diceros_bicornis;Experiment;m;Ithala;6;I153-55;55;8887;3;18;Nsele;m;Ithala;mm;It_It;Msh_Nsel;0;1.24308E+14;0;4.07623E+14;1.55781E+14;2.71109E+14;0;0;0;0;1.83863E+14;1.50747E+14;0;0;0;1.16942E+14;0;1.8657E+14;2.19609E+14;0;0;4.42442E+13;1.54915E+14;0;4.56243E+14;0;5.18698E+14;2.20171E+14;0;0;0;0;4.76212E+14;0;3.50572E+14;9.28182E+13;0;2.59826E+14;Mshanelo
165;MsTh4;MsTh4;3/8/2024;Mshanelo;Diceros_bicornis;Experiment;m;Ithala;6;I153-41;41;8471;1;4;TheRock;m;Thanda;mm;It_Th;Msh_TheR;0;2.45996E+14;0;1.1298E+14;4.2933E+14;8.83468E+14;0;0;0;0;4.00786E+14;5.3896E+14;0;0;0;2.03261E+14;0;2.79343E+14;6.6208E+14;2.9532E+13;0;4.26081E+14;1.01211E+14;0;2.40215E+14;0;1.60209E+13;1.22221E+14;0;0;0;1.58911E+14;4.7341E+14;0;1.97705E+14;1.66781E+14;0;2.69776E+14;Mshanelo
166;MsTh5;MsTh5;4/8/2024;Mshanelo;Diceros_bicornis;Experiment;m;Ithala;6;I153-42;42;9068;2;5;TheRock;m;Thanda;mm;It_Th;Msh_TheR;0;3.70882E+14;0;1.06794E+14;1.15531E+14;1.18507E+14;0;0;0;0;0;9.6074E+14;0;0;0;6.43807E+14;0;3.59768E+14;1.86008E+14;2.18722E+14;0;4.98944E+14;0;0;4.52881E+14;6.44187E+14;0;1.30274E+13;0;0;3.7109E+14;2.56303E+14;5.78048E+14;0;0;4.27847E+14;0;1.351E+14;Mshanelo
167;MsTh6;MsTh6;5/8/2024;Mshanelo;Diceros_bicornis;Experiment;m;Ithala;6;I153-43;43;9059;3;6;TheRock;m;Thanda;mm;It_Th;Msh_TheR;0;7.10168E+14;0;3.04763E+14;8.91296E+13;2.31702E+14;0;0;0;3.32259E+14;6.52434E+13;1.06635E+13;0;0;0;4.78402E+14;0;1.18335E+14;1.81545E+14;4.64068E+14;0;6.7506E+14;1.17367E+14;0;4.26765E+14;0;1.57949E+14;2.07004E+14;0;0;0;0;7.12316E+14;0;0;4.72011E+14;0;2.62094E+14;Mshanelo
178;NdBi16;NdBi16;15/8/2024;Ndlebe;Diceros_bicornis;Experiment;f;Somkhanda;8;SKBF50-50;50;6996;1;16;Billie;f;Thanda;ff;So_Th;Ndl_Bill;0;1.2378E+14;0;6.44101E+14;1.11389E+14;0;2.49907E+14;0;0;0;0;5.015E+14;0;2.14197E+14;0;7.55988E+14;0;3.05961E+14;2.74592E+14;2.90497E+14;0;1.42305E+14;0;0;4.58557E+14;3.04662E+14;0;0;0;0;2.77295E+14;7.59399E+13;9.04704E+14;0;0;0;0;2.49994E+14;Ndlebe
179;NdBi17;NdBi17;16/8/2024;Ndlebe;Diceros_bicornis;Experiment;f;Somkhanda;8;SKBF50-51;51;6235;2;17;Billie;f;Thanda;ff;So_Th;Ndl_Bill;2.41838E+14;2.19454E+14;0;6.38959E+14;1.1763E+14;6.79098E+14;1.86609E+14;2.58325E+14;7.87255E+14;0;0;6.05011E+14;0;2.16872E+14;0;8.27907E+14;0;3.05864E+14;5.00531E+13;2.8837E+14;0;1.53566E+14;0;0;3.29347E+14;2.67346E+14;1.60871E+14;1.62025E+14;0;0;2.61123E+14;6.55579E+13;1.03971E+14;0;2.94696E+13;1.0359E+14;3.49373E+14;2.85446E+14;Ndlebe
180;NdBi18;NdBi18;17/8/2024;Ndlebe;Diceros_bicornis;Experiment;f;Somkhanda;8;SKBF50-52;52;948;3;18;Billie;f;Thanda;ff;So_Th;Ndl_Bill;3.48594E+14;1.75411E+14;0;5.6326E+14;6.59508E+13;0;2.36637E+14;2.97291E+13;0;0;0;5.64812E+14;0;2.23631E+14;0;4.83154E+14;0;1.42267E+14;3.66657E+14;4.27323E+14;0;2.01037E+14;0;0;0;0;2.98678E+14;1.5457E+14;0;0;2.1923E+14;7.53842E+14;1.4082E+14;0;2.29291E+14;1.68245E+14;2.79987E+14;2.70553E+14;Ndlebe
181;NdJo7;NdJo7;6/8/2024;Ndlebe;Diceros_bicornis;Experiment;f;Somkhanda;8;SKBF50-41;41;8905;1;7;Joko;f;Ithala;ff;So_It;Ndl_Joko;0;1.65408E+14;0;1.81948E+14;1.61598E+13;0;0;0;0;0;0;1.07626E+13;0;0;0;8.30096E+14;0;2.01135E+14;4.58371E+14;1.6754E+14;0;1.83183E+14;0;0;7.77984E+14;0;0;1.91753E+14;5.60202E+11;0;3.7185E+14;1.25643E+14;1.57841E+14;0;0;3.00968E+14;0;2.63248E+14;Ndlebe
182;NdJo8;NdJo8;7/8/2024;Ndlebe;Diceros_bicornis;Experiment;f;Somkhanda;8;SKBF50-42;42;10217;2;8;Joko;f;Ithala;ff;So_It;Ndl_Joko;0;5.68061E+14;0;1.03881E+14;3.5293E+14;0;0;0;0;0;0;2.33789E+14;0;0;0;1.39358E+14;0;9.16603E+14;1.87877E+14;1.67479E+14;0;5.73938E+14;0;0;0;7.96911E+14;6.25157E+14;4.90769E+14;0;0;8.65541E+14;2.48608E+14;3.81498E+14;0;0;8.31789E+14;0;2.47654E+14;Ndlebe
183;NdJo9;NdJo9;8/8/2024;Ndlebe;Diceros_bicornis;Experiment;f;Somkhanda;8;SKBF50-43;43;8521;3;9;Joko;f;Ithala;ff;So_It;Ndl_Joko;0;1.1369E+14;0;4.91259E+14;4.05249E+14;4.99838E+14;0;0;3.1858E+14;0;0;8.72764E+14;0;6.67251E+13;5.33196E+14;2.86379E+14;0;1.19898E+14;2.47255E+13;1.78335E+14;0;4.03451E+14;0;0;2.0216E+14;0;1.19214E+14;9.7625E+14;0;0;1.28922E+14;4.28058E+14;3.54307E+14;0;0;2.22745E+14;1.60481E+14;2.76817E+14;Ndlebe
184;NdNs4;NdNs4;3/8/2024;Ndlebe;Diceros_bicornis;Experiment;f;Somkhanda;8;SKBF50-38;38;8377;1;4;Nsele;m;Ithala;fm;So_It;Ndl_Nsel;0;3.68705E+14;0;4.10821E+13;6.17373E+13;3.95926E+14;0;0;0;0;0;2.85582E+14;0;0;5.0827E+14;6.07299E+14;0;4.83563E+14;1.21772E+14;1.78416E+14;0;6.00146E+14;4.48359E+13;0;2.8659E+13;9.52867E+14;0;4.12308E+14;1.96303E+14;0;1.01387E+14;3.13078E+12;4.34201E+14;0;0;4.21849E+13;0;1.31964E+14;Ndlebe
185;NdNs5;NdNs5;4/8/2024;Ndlebe;Diceros_bicornis;Experiment;f;Somkhanda;8;SKBF50-39;39;10146;2;5;Nsele;m;Ithala;fm;So_It;Ndl_Nsel;0;5.90815E+14;3.78603E+14;3.49481E+14;4.25942E+14;3.86844E+14;0;0;0;0;0;3.62448E+14;0;6.30689E+14;0;2.71081E+14;0;1.25691E+14;1.74135E+14;1.46507E+14;0;3.94429E+14;0;0;1.52932E+14;1.41881E+14;0;6.57535E+14;1.05463E+14;0;1.87042E+14;2.26105E+14;3.29304E+14;0;0;1.83428E+14;0;2.64285E+14;Ndlebe
186;NdNs6;NdNs6;5/8/2024;Ndlebe;Diceros_bicornis;Experiment;f;Somkhanda;8;SKBF50-40;40;8417;3;6;Nsele;m;Ithala;fm;So_It;Ndl_Nsel;0;7.48553E+13;0;4.0612E+14;5.00533E+14;5.41345E+14;0;0;0;0;0;3.21907E+14;0;0;0;3.37754E+14;0;1.57817E+14;2.62793E+13;1.47815E+14;0;5.23183E+14;0;0;0;1.38148E+14;1.08009E+14;7.63044E+14;0;0;1.15524E+14;2.82244E+14;4.0524E+14;0;2.30512E+13;8.03534E+14;0;2.59831E+13;Ndlebe
187;NdQa10;NdQa10;9/8/2024;Ndlebe;Diceros_bicornis;Experiment;f;Somkhanda;8;SKBF50-44;44;8657;1;10;Qaphela;f;Ithala;ff;So_It;Ndl_Qaph;0;8.22001E+14;0;2.61062E+14;4.67657E+14;0;6.66761E+14;0;0;0;0;1.39063E+14;0;7.25035E+14;0;3.39179E+14;0;2.9432E+14;3.43757E+14;1.25872E+14;0;8.37093E+14;0;0;1.81322E+14;2.62448E+14;2.58268E+14;5.79447E+14;0;0;1.34787E+14;5.35614E+14;3.85947E+14;0;0;6.03008E+14;0;2.4539E+14;Ndlebe
188;NdQa11;NdQa11;10/8/2024;Ndlebe;Diceros_bicornis;Experiment;f;Somkhanda;8;SKBF50-45;45;8971;2;11;Qaphela;f;Ithala;ff;So_It;Ndl_Qaph;0;8.70037E+14;0;3.6E+13;1.0178E+14;0;0;0;4.34133E+14;0;0;1.00462E+14;0;6.8574E+14;0;4.27892E+14;0;1.73862E+14;2.54266E+14;1.51601E+14;7.5278E+14;7.13708E+14;0;8.63033E+14;0;1.47064E+13;0;2.0958E+14;0;0;1.61134E+14;4.30089E+14;5.25932E+14;0;0;9.8704E+14;0;2.71936E+14;Ndlebe
189;NdQa12;NdQa12;11/8/2024;Ndlebe;Diceros_bicornis;Experiment;f;Somkhanda;8;SKBF50-46;46;9442;3;12;Qaphela;f;Ithala;ff;So_It;Ndl_Qaph;0;1.56301E+14;0;1.6928E+14;1.38415E+14;0;1.38551E+14;0;0;0;0;1.29438E+14;0;0;0;5.55374E+14;0;2.72391E+14;4.84298E+14;2.3796E+14;0;1.23766E+14;2.32945E+13;0;0;2.2381E+14;1.62602E+14;9.5795E+14;0;0;1.76177E+14;7.19975E+14;7.70028E+14;0;0;0;3.96116E+14;2.54605E+14;Ndlebe
190;NdSo13;NdSo13;12/8/2024;Ndlebe;Diceros_bicornis;Experiment;f;Somkhanda;8;SKBF50-47;47;10041;1;13;Somiso;m;Ithala;fm;So_It;Ndl_Somi;0;1.23262E+14;0;5.39475E+13;6.64051E+14;5.84959E+14;1.0697E+14;0;4.19904E+13;0;0;5.23678E+14;0;1.40498E+14;0;3.94825E+14;0;2.25807E+14;3.77257E+14;1.49272E+14;0;1.08189E+14;0;0;3.29941E+14;1.90788E+14;0;1.0876E+14;0;0;1.43026E+14;5.95602E+14;5.2888E+14;0;0;0;2.58076E+14;2.63268E+14;Ndlebe
191;NdSo14;NdSo14;13/8/2024;Ndlebe;Diceros_bicornis;Experiment;f;Somkhanda;8;SKBF50-48;48;8801;2;14;Somiso;m;Ithala;fm;So_It;Ndl_Somi;0;6.02076E+14;0;3.66594E+14;3.01237E+13;0;0;0;3.64818E+14;0;0;2.69973E+14;0;0;5.88439E+14;2.00947E+14;0;6.50633E+14;1.22589E+14;0;0;8.31991E+14;0;0;1.82525E+14;0;0;8.55939E+14;0;0;1.72976E+14;5.49818E+13;4.44242E+14;0;0;0;0;2.51639E+14;Ndlebe
192;NdSo15;NdSo15;14/8/2024;Ndlebe;Diceros_bicornis;Experiment;f;Somkhanda;8;SKBF50-49;49;8162;3;15;Somiso;m;Ithala;fm;So_It;Ndl_Somi;0;1.21141E+14;0;4.57762E+14;9.12378E+14;5.79879E+14;1.3531E+14;0;0;0;0;2.97802E+14;0;2.01036E+14;0;9.36726E+12;0;2.23895E+14;3.03542E+14;2.11998E+14;0;1.42455E+14;0;0;2.44901E+14;2.22226E+14;1.58698E+14;8.52391E+14;3.27497E+12;0;1.90985E+14;7.35865E+13;8.19285E+14;0;0;0;3.60278E+13;2.74956E+14;Ndlebe
193;NdTh1;NdTh1;31/7/2024;Ndlebe;Diceros_bicornis;Experiment;f;Somkhanda;8;SKBF50-35;35;9313;1;1;TheRock;m;Thanda;fm;So_Th;Ndl_TheR;0;0;0;1.50791E+14;1.9813E+14;0;0;0;0;1.8872E+14;0;2.09508E+14;0;0;0;1.75811E+14;0;2.80426E+12;3.33298E+14;1.1832E+14;4.50059E+14;3.51729E+14;0;0;0;2.64949E+14;2.34213E+14;5.19188E+14;0;0;8.59285E+14;2.29528E+14;2.68357E+14;0;0;5.57584E+14;1.83746E+14;2.2615E+14;Ndlebe
194;NdTh2;NdTh2;1/8/2024;Ndlebe;Diceros_bicornis;Experiment;f;Somkhanda;8;SKBF50-36;36;9152;2;2;TheRock;m;Thanda;fm;So_Th;Ndl_TheR;0;5.6966E+14;0;1.96566E+14;4.98795E+14;0;0;0;1.92256E+14;1.8706E+14;0;4.86261E+14;0;5.24487E+14;0;2.72079E+14;0;6.33264E+13;1.27825E+14;0;0;3.18422E+14;0;0;0;0;0;4.88457E+14;0;0;9.92682E+14;1.96084E+14;2.33359E+14;0;0;9.92498E+14;0;2.58628E+14;Ndlebe
195;NdTh3;NdTh3;2/8/2024;Ndlebe;Diceros_bicornis;Experiment;f;Somkhanda;8;SKBF50-37;37;8694;3;3;TheRock;m;Thanda;fm;So_Th;Ndl_TheR;0;0;0;0;8.68804E+14;0;0;0;1.1964E+14;0;0;1.24455E+14;0;0;0;5.89984E+14;0;1.47687E+14;1.59435E+14;8.27777E+14;0;1.774E+14;3.71619E+14;0;0;1.13759E+14;0;3.53949E+14;0;0;3.08366E+14;9.06693E+14;1.60397E+14;0;0;3.20626E+14;0;1.83859E+14;Ndlebe
207;NsBi16;NsBi16;15/8/2024;Nsele;Diceros_bicornis;Experiment;m;Ithala;6;I150-52;52;6216;1;16;Billie;f;Thanda;mf;It_Th;Nse_Bill;0;2.67359E+14;0;5.58702E+14;3.00384E+13;5.25451E+14;0;0;0;0;0;7.50932E+13;0;2.73352E+14;0;2.46631E+14;0;5.07613E+14;5.20338E+14;4.35888E+14;0;1.27117E+14;1.2514E+14;0;1.20793E+14;4.60705E+14;2.89865E+14;1.94569E+14;0;0;3.22551E+14;9.40632E+14;8.96102E+14;4.23681E+14;0;9.93745E+14;0;2.81739E+14;Nsele
208;NsBi17;NsBi17;16/8/2024;Nsele;Diceros_bicornis;Experiment;m;Ithala;6;I150-53;53;7446;2;17;Billie;f;Thanda;mf;It_Th;Nse_Bill;0;5.00277E+14;2.36865E+14;8.16523E+14;4.10909E+14;5.4755E+14;2.57813E+14;0;0;0;0;1.83645E+14;0;5.01979E+14;2.05402E+14;3.65231E+14;0;8.38639E+14;1.23533E+13;1.24718E+14;0;3.52752E+14;0;0;1.71382E+14;7.45201E+14;5.3002E+14;6.01138E+14;0;0;3.86838E+14;1.65052E+14;3.29343E+14;5.5941E+14;5.74348E+14;3.70268E+13;1.01659E+14;2.96928E+14;Nsele
209;NsBi18;NsBi18;17/8/2024;Nsele;Diceros_bicornis;Experiment;m;Ithala;6;I150-54;54;7688;3;18;Billie;f;Thanda;mf;It_Th;Nse_Bill;0;3.39145E+14;0;6.06883E+14;3.55392E+14;5.1384E+14;0;0;0;0;0;0;0;3.12078E+14;0;2.802E+14;0;3.87538E+14;7.8821E+14;9.12146E+14;0;3.09662E+14;0;0;9.28076E+14;0;3.36716E+14;3.53656E+13;0;0;3.03454E+14;1.83977E+14;2.32605E+14;5.58773E+14;8.06041E+14;1.24342E+14;6.98532E+14;2.82102E+14;Nsele
210;NsFa10;NsFa10;9/8/2024;Nsele;Diceros_bicornis;Experiment;m;Ithala;6;I150-46;46;7892;1;10;FatAmy;f;Manyoni;mf;It_Ma;Nse_FatA;0;2.30527E+14;0;5.99001E+14;3.63096E+13;4.54063E+13;4.90739E+14;6.17798E+13;0;0;0;2.63033E+14;0;0;2.7473E+14;3.20551E+14;0;6.12775E+14;6.54491E+14;0;0;1.18937E+14;0;0;1.91299E+14;6.2892E+14;1.28097E+14;2.23598E+13;0;6.17328E+14;1.80012E+14;1.55954E+14;7.9064E+14;4.1771E+14;0;2.66816E+14;0;2.7711E+14;Nsele
211;NsFa11;NsFa11;10/8/2024;Nsele;Diceros_bicornis;Experiment;m;Ithala;6;I150-47;47;8963;2;11;FatAmy;f;Manyoni;mf;It_Ma;Nse_FatA;5.1056E+14;8.27015E+14;0;1.59513E+14;1.6224E+14;1.60137E+14;4.02668E+13;5.09091E+14;1.70501E+14;0;0;3.91925E+14;0;0;0;9.68181E+14;0;1.20994E+13;2.32817E+14;3.8872E+14;1.79002E+14;1.07907E+14;0;1.84004E+13;4.52653E+14;0;0;8.33701E+14;0;0;1.32971E+14;6.4853E+14;7.72112E+14;1.62645E+14;0;1.22489E+14;0;2.7945E+14;Nsele
212;NsFa12;NsFa12;11/8/2024;Nsele;Diceros_bicornis;Experiment;m;Ithala;6;I150-48;48;9064;3;12;FatAmy;f;Manyoni;mf;It_Ma;Nse_FatA;6.87169E+14;2.48532E+14;7.29087E+14;7.23406E+14;4.10495E+14;5.31965E+14;4.69489E+14;7.3869E+14;0;0;0;6.62365E+14;5.62779E+14;0;2.53321E+14;2.91758E+14;0;3.99673E+14;6.45126E+14;4.41447E+14;0;2.10935E+14;0;0;7.18222E+14;4.0694E+13;4.02205E+13;2.61727E+14;0;0;1.81801E+14;1.30665E+14;1.19412E+14;1.14002E+14;0;2.10193E+14;5.76214E+14;2.89711E+14;Nsele
213;NsMs13;NsMs13;12/8/2024;Nsele;Diceros_bicornis;Experiment;m;Ithala;6;I150-49;49;9006;1;13;Mshanelo;m;Ithala;mm;It_It;Nse_Msha;5.59331E+14;2.7698E+14;4772547015;3.99189E+14;2.6432E+14;3.51711E+14;6.1793E+14;9.073E+14;1.20394E+14;0;0;1.50634E+14;8.80109E+14;2.37509E+13;0;1.45278E+14;0;5.533E+14;6.77252E+14;0;0;9.13236E+14;0;0;9.55968E+12;5.82197E+14;0;2.82843E+14;0;0;1.86443E+14;9.05734E+14;5.34671E+14;2.80276E+14;0;0;5.24772E+14;2.85281E+14;Nsele
214;NsMs14;NsMs14;13/8/2024;Nsele;Diceros_bicornis;Experiment;m;Ithala;6;I150-50;50;9499;2;14;Mshanelo;m;Ithala;mm;It_It;Nse_Msha;0;1.06551E+14;0;5.09345E+13;2.08117E+14;4.8982E+14;0;0;0;0;0;1.33832E+14;0;1.24216E+13;1.11071E+14;1.49417E+14;0;2.90462E+14;4.21722E+14;0;0;7.21199E+14;1.22575E+14;0;8.03934E+14;2.90888E+14;9.4569E+13;4.29406E+14;0;0;1.38731E+14;6.9002E+14;6.03421E+14;4.58301E+14;3.79146E+14;1.22015E+14;0;2.72172E+14;Nsele
215;NsMs15;NsMs15;14/8/2024;Nsele;Diceros_bicornis;Experiment;m;Ithala;6;I150-51;51;6239;3;15;Mshanelo;m;Ithala;mm;It_It;Nse_Msha;0;1.30256E+14;0;4.50943E+14;3.63356E+14;2.90277E+14;1.57122E+14;0;0;0;0;1.61884E+14;0;1.1149E+14;6.80866E+14;3.0377E+14;0;2.16405E+14;2.78715E+14;2.96557E+14;0;1.74003E+14;0;0;1.0874E+14;2.14627E+14;2.65782E+14;3.46169E+13;0;0;2.38819E+14;1.11308E+13;8.98538E+14;2.14538E+14;2.67251E+14;2.42434E+14;0;2.87128E+14;Nsele
216;NsQa4;NsQa4;3/8/2024;Nsele;Diceros_bicornis;Experiment;m;Ithala;6;I150-40;40;7764;1;4;Qaphela;f;Ithala;mf;It_It;Nse_Qaph;3.74867E+14;1.76597E+14;0;1.21866E+14;1.60408E+14;1.11223E+14;2.65787E+14;4.34454E+14;1.3362E+14;0;0;0;4.13331E+14;0;5.67063E+14;1.01578E+14;0;5.39371E+14;1.4187E+14;4.43201E+14;0;8.72811E+14;0;0;9.23255E+14;0;1.94066E+14;1.64263E+14;0;7.03002E+14;1.09857E+14;6.35965E+13;7.83351E+14;1.14168E+14;0;3.17795E+14;0;2.98851E+14;Nsele
217;NsQa5;NsQa5;4/8/2024;Nsele;Diceros_bicornis;Experiment;m;Ithala;6;I150-41;41;7685;2;5;Qaphela;f;Ithala;mf;It_It;Nse_Qaph;0;7.15783E+14;0;2.77449E+14;1.23931E+14;2.16688E+14;0;0;0;0;0;1.65272E+14;0;0;4.31202E+14;1.05043E+14;0;3.12951E+14;2.58674E+14;2.54155E+14;0;5.90912E+14;0;0;5.38733E+14;4.37762E+14;0;1.71855E+14;0;0;1.37435E+14;0;7.14843E+14;2.08501E+14;2.67028E+13;6.02559E+14;0;2.62477E+14;Nsele
218;NsQa6;NsQa6;5/8/2024;Nsele;Diceros_bicornis;Experiment;m;Ithala;6;I150-42;42;8633;3;6;Qaphela;f;Ithala;mf;It_It;Nse_Qaph;0;8.50335E+14;0;2.04197E+14;8.17041E+14;1.72044E+14;1.24183E+13;0;0;0;0;7.39686E+14;0;0;0;5.99507E+14;0;1.18072E+14;2.23785E+14;3.18329E+14;0;6.80438E+14;0;0;3.36604E+14;0;0;1.05796E+13;0;0;0;3.37472E+14;6.61221E+14;1.06201E+14;0;1.36191E+14;0;2.64354E+14;Nsele
219;NsSo1;NsSo1;31/7/2024;Nsele;Diceros_bicornis;Experiment;m;Ithala;6;I150-37;37;8832;1;1;Somiso;m;Ithala;mm;It_It;Nse_Somi;0;5.37933E+14;7.39316E+14;1.85448E+14;9.50553E+14;1.56844E+14;1.86957E+14;0;0;3.46164E+14;0;1.33863E+14;0;0;0;9.38755E+14;0;7.23719E+14;1.2071E+13;3.13217E+14;9.03526E+14;8.22324E+14;0;0;3.58506E+14;0;0;1.15785E+14;0;0;7.2185E+14;4.19471E+14;7.00478E+14;0;0;3.27391E+14;0;2.78465E+14;Nsele
220;NsSo2;NsSo2;1/8/2024;Nsele;Diceros_bicornis;Experiment;m;Ithala;6;I150-38;38;8409;2;2;Somiso;m;Ithala;mm;It_It;Nse_Somi;0;1.26935E+14;0;1.23079E+14;7.15365E+14;1.47697E+13;2.45659E+13;0;1.0004E+14;3.66792E+14;0;0;0;0;0;5.99496E+14;0;2.72343E+14;2.55291E+14;3.35215E+14;0;8.68974E+14;0;0;3.24867E+14;2.5048E+13;0;1.52228E+14;0;0;1.40243E+14;4.05359E+13;6.53808E+14;9.42306E+14;0;2.92782E+14;0;2.74539E+14;Nsele
221;NsSo3;NsSo3;2/8/2024;Nsele;Diceros_bicornis;Experiment;m;Ithala;6;I150-39;39;8738;3;3;Somiso;m;Ithala;mm;It_It;Nse_Somi;6.2754E+14;8.32731E+14;0;2.1123E+14;1.14129E+14;2.62695E+14;4.47117E+14;6.71236E+14;0;5.63991E+13;0;0;0;0;0;8.94093E+14;0;1.99952E+14;3.24015E+14;4.51382E+14;0;1.03781E+14;0;0;7.13822E+14;0;0;2.67144E+14;0;1.71711E+14;1.11656E+14;7.25905E+14;1.31597E+14;0;0;2.99447E+14;0;2.80916E+13;Nsele
222;NsTh7;NsTh7;6/8/2024;Nsele;Diceros_bicornis;Experiment;m;Ithala;6;I150-43;43;8357;1;7;TheRock;m;Thanda;mm;It_Th;Nse_TheR;2.89831E+14;7.26337E+14;0;1.40118E+14;7.02853E+13;1.22697E+14;1.70699E+14;0;0;2.89216E+14;0;0;0;0;0;6.41858E+14;0;8.7901E+14;1.93194E+14;2.32167E+14;0;5.2272E+14;0;0;3.31302E+14;0;1.49004E+14;1.5449E+13;0;0;7.15579E+14;3.77509E+14;6.67551E+14;0;0;2.34473E+14;0;2.72074E+14;Nsele
223;NsTh8;NsTh8;7/8/2024;Nsele;Diceros_bicornis;Experiment;m;Ithala;6;I150-44;44;10435;2;8;TheRock;m;Thanda;mm;It_Th;Nse_TheR;0;1.40546E+14;0;5.21432E+14;1.39205E+14;3.211E+13;3.242E+14;0;0;0;0;0;0;0;1.08595E+14;7.79214E+14;0;3.077E+14;4.54189E+14;5.78185E+14;0;9.19246E+14;0;0;6.37485E+14;0;4.21673E+14;1.68125E+14;0;0;0;0;7.82639E+13;2.57547E+14;0;2.35325E+14;0;2.58051E+14;Nsele
224;NsTh9;NsTh9;8/8/2024;Nsele;Diceros_bicornis;Experiment;m;Ithala;6;I150-45;45;8322;3;9;TheRock;m;Thanda;mm;It_Th;Nse_TheR;3.25788E+12;9.89294E+14;0;3.90549E+14;1.53022E+14;2.99435E+14;2.72417E+14;3.69791E+14;8.75241E+14;0;0;1.71502E+14;0;0;2.1886E+14;1.41151E+14;0;2.16022E+14;3.20664E+14;2.7908E+14;0;6.82304E+14;9.147E+14;0;6.63836E+14;2.22114E+14;2.91622E+14;1.54886E+13;0;0;1.05849E+14;6.48713E+14;6.10092E+14;2.23262E+14;0;4.93342E+13;0;2.92499E+14;Nsele
232;QaBi1;QaBi1;31/7/2024;Qaphela;Diceros_bicornis;Experiment;f;Ithala;4;I164-38;38;9755;1;1;Billie;f;Thanda;ff;It_Th;Qap_Bill;0;4.19411E+14;0;8.73991E+14;3.52032E+14;1.07379E+13;0;0;0;2.29566E+14;4.34691E+14;2.24504E+14;0;5.88385E+14;2.12018E+14;2.36367E+14;0;6.79767E+14;8.09882E+14;1.88786E+14;0;3.05474E+14;3.05844E+13;0;2.6669E+14;0;0;9.96035E+13;0;0;0;1.51925E+14;4.17652E+14;0;1.86017E+14;1.52147E+14;0;2.821E+14;Qaphela
233;QaBi2;QaBi2;1/8/2024;Qaphela;Diceros_bicornis;Experiment;f;Ithala;4;I164-39;39;9286;2;2;Billie;f;Thanda;ff;It_Th;Qap_Bill;0;2.00736E+14;0;6.46426E+13;2.43045E+13;9.03284E+14;0;0;0;2.47594E+14;3.16777E+14;2.75535E+14;0;0;0;1.61514E+14;0;3.38769E+14;5.96791E+14;1.72745E+14;5.65062E+14;3.35386E+14;0;0;2.26002E+14;0;0;5.61415E+14;0;0;0;0;4.36022E+14;0;0;1.61468E+14;0;2.60972E+13;Qaphela
234;QaBi3;QaBi3;2/8/2024;Qaphela;Diceros_bicornis;Experiment;f;Ithala;4;I164-40;40;10781;3;3;Billie;f;Thanda;ff;It_Th;Qap_Bill;0;4.87264E+14;0;1.77836E+14;2.51107E+14;1.53719E+14;0;0;0;0;4.67122E+14;6.57555E+14;0;0;1.4513E+13;2.76239E+14;0;1.00991E+14;1.67287E+14;0;0;2.92041E+14;0;0;2.59946E+14;0;0;9.46035E+14;0;0;0;0;2.87345E+14;0;0;8.71103E+14;0;2.49116E+14;Qaphela
235;QaJo13;QaJo13;12/8/2024;Qaphela;Diceros_bicornis;Experiment;f;Ithala;4;I164-50;50;8256;1;13;Joko;f;Ithala;ff;It_It;Qap_Joko;0;9.16836E+14;0;8.41629E+14;6.34881E+14;8.17756E+14;0;0;0;0;0;5.37591E+14;0;0;0;3.62638E+14;0;1.68388E+14;2.04679E+13;0;0;0;0;0;3.69504E+14;1.8015E+14;1.13134E+14;1.39248E+14;0;0;0;0;1.60536E+14;0;2.253E+14;0;0;2.40201E+14;Qaphela
236;QaJo14;QaJo14;13/8/2024;Qaphela;Diceros_bicornis;Experiment;f;Ithala;4;I164-51;51;10032;2;14;Joko;f;Ithala;ff;It_It;Qap_Joko;0;6.27939E+14;0;1.45038E+14;6.1131E+14;8.92988E+14;0;0;0;0;0;6.88661E+14;0;0;0;3.87182E+14;0;1.24738E+14;2.00618E+14;0;0;2.93101E+14;0;0;3.01022E+14;0;0;1.62813E+14;0;0;0;1.58294E+14;2.4789E+14;0;3.37196E+14;4.08739E+14;0;2.45938E+14;Qaphela
237;QaJo15;QaJo15;14/8/2024;Qaphela;Diceros_bicornis;Experiment;f;Ithala;4;I164-52;52;6255;3;15;Joko;f;Ithala;ff;It_It;Qap_Joko;0;2.0917E+14;0;2.01822E+14;1.2705E+14;1.54424E+14;0;0;3.17552E+14;0;1.21528E+13;8.61302E+14;0;0;0;7.98974E+14;0;3.37243E+14;3.75561E+14;0;0;7.81233E+13;8.37677E+14;0;5.74362E+14;3.28915E+14;0;2.04881E+14;0;0;0;5.39006E+14;7.18144E+14;1.31726E+14;3.40185E+14;0;0;2.70509E+14;Qaphela
238;QaMp16;QaMp16;15/8/2024;Qaphela;Diceros_bicornis;Experiment;f;Ithala;4;I164-53;53;785;1;16;Mpilo;m;Mpilo;fm;It_Mp;Qap_Mpil;0;1.23757E+14;0;5.17727E+14;2.12333E+14;3.48273E+14;0;0;0;0;0;1.54689E+14;0;0;0;1.47913E+12;0;2.62203E+13;3.66593E+14;0;0;9.03387E+14;0;0;6.06288E+14;0;1.92119E+14;1.56797E+14;0;0;2.50479E+14;4.54977E+14;8.40908E+14;0;3.71106E+14;0;0;2.55716E+14;Qaphela
239;QaNd7;QaNd7;6/8/2024;Qaphela;Diceros_bicornis;Experiment;f;Ithala;4;I164-44;44;871;1;7;Ndlebe;f;Somkhanda;ff;It_So;Qap_Ndle;0;4.12504E+14;0;8.98904E+14;3.00678E+14;6.66403E+13;0;0;0;0;0;3.76146E+14;0;0;0;2.54815E+14;0;4.36257E+14;9.65537E+14;0;0;2.09458E+14;0;0;1.974E+14;0;5.67464E+14;8.00601E+13;0;0;0;0;2.33402E+14;0;0;8.5064E+14;0;2.50399E+14;Qaphela
240;QaNd8;QaNd8;7/8/2024;Qaphela;Diceros_bicornis;Experiment;f;Ithala;4;I164-45;45;9874;2;8;Ndlebe;f;Somkhanda;ff;It_So;Qap_Ndle;0;1.37709E+14;0;1.60809E+14;4.24499E+14;1.51056E+13;0;0;0;0;4.75342E+14;3.4383E+14;0;0;0;3.70819E+13;0;2.06554E+14;2.94523E+14;0;0;4.27955E+14;1.14567E+14;0;2.62761E+14;2.10422E+14;1.56318E+14;3.52442E+14;0;0;0;2.78888E+14;3.66012E+14;7.23694E+14;2.10218E+14;1.00372E+14;2.35248E+14;2.67764E+14;Qaphela
241;QaNd9;QaNd9;8/8/2024;Qaphela;Diceros_bicornis;Experiment;f;Ithala;4;I164-46;46;9933;3;9;Ndlebe;f;Somkhanda;ff;It_So;Qap_Ndle;0;5.29234E+14;0;2.12737E+14;3.54484E+14;1.54179E+14;0;0;0;0;5.74875E+14;9.11278E+14;0;0;2.43972E+14;3.65489E+14;0;1.01309E+14;1.43161E+14;1.51528E+14;0;3.46132E+14;4.61764E+14;0;2.49658E+14;0;1.82453E+14;6.9093E+14;0;0;0;2.30157E+14;3.44796E+14;0;1.33624E+14;8.46187E+14;0;2.66433E+14;Qaphela
242;QaNs4;QaNs4;3/8/2024;Qaphela;Diceros_bicornis;Experiment;f;Ithala;4;I164-41;41;8999;1;4;Nsele;m;Ithala;fm;It_It;Qap_Nsel;0;2.4206E+14;0;1.03196E+14;2.69287E+14;6.85355E+14;0;0;0;0;0;5.56256E+14;0;0;0;3.09731E+14;0;4.6341E+14;1.05312E+14;0;0;2.84276E+14;0;0;1.9674E+14;0;6.44262E+14;7.25139E+14;0;0;0;0;3.92942E+14;0;0;1.31092E+14;0;2.47945E+14;Qaphela
243;QaNs5;QaNs5;4/8/2024;Qaphela;Diceros_bicornis;Experiment;f;Ithala;4;I164-42;42;8467;2;5;Nsele;m;Ithala;fm;It_It;Qap_Nsel;0;2.26385E+14;0;8.3283E+14;4.16521E+14;9.13432E+14;0;0;0;0;0;9.12287E+14;0;0;8.62993E+14;3.34601E+14;0;2.68212E+14;7.58835E+13;1.84493E+14;0;4.29167E+14;0;0;2.45741E+14;5.84855E+14;0;6.05916E+14;0;0;0;1.8303E+14;3.16075E+14;1.054E+14;0;4.02428E+14;0;2.47089E+14;Qaphela
244;QaNs6;QaNs6;5/8/2024;Qaphela;Diceros_bicornis;Experiment;f;Ithala;4;I164-43;43;821;3;6;Nsele;m;Ithala;fm;It_It;Qap_Nsel;0;4.48353E+14;0;6.95907E+14;2.02707E+14;6.12249E+14;0;0;0;0;0;5.63595E+14;0;0;5.2357E+14;1.79627E+14;0;7.17871E+14;1.08944E+14;1.56475E+14;0;2.4672E+14;0;0;0;0;0;5.88738E+13;0;0;0;0;3.65212E+14;0;0;2.7907E+14;0;2.50064E+14;Qaphela
245;QaTh10;QaTh10;9/8/2024;Qaphela;Diceros_bicornis;Experiment;f;Ithala;4;I164-47;47;9333;1;10;TheRock;m;Thanda;fm;It_Th;Qap_TheR;0;7.73135E+14;0;2.15462E+14;5.67165E+14;1.4334E+14;0;0;0;0;4.04554E+14;2.08598E+12;0;0;2.56964E+14;4.65187E+14;0;1.16554E+14;1.74818E+14;0;0;4.30736E+14;5.12656E+14;0;2.56506E+14;1.13641E+14;7.00979E+14;4.26191E+14;0;0;0;2.99707E+14;2.75015E+14;7.50625E+14;2.28685E+14;4.52969E+14;0;2.76863E+14;Qaphela
246;QaTh11;QaTh11;10/8/2024;Qaphela;Diceros_bicornis;Experiment;f;Ithala;4;I164-48;48;11712;2;11;TheRock;m;Thanda;fm;It_Th;Qap_TheR;0;1.56159E+14;0;9.01348E+14;4.05451E+14;8.44021E+14;0;0;0;0;2.15594E+14;1.98095E+14;0;8.5997E+14;0;2.331E+14;0;1.95558E+14;2.60167E+14;1.5205E+14;0;3.55976E+14;1.70472E+14;0;1.64931E+14;1.83024E+14;2.04377E+14;5.32416E+14;0;0;0;1.94262E+14;3.05386E+14;5.63587E+14;1.96957E+14;5.50746E+14;1.19526E+14;2.70058E+14;Qaphela
247;QaTh12;QaTh12;11/8/2024;Qaphela;Diceros_bicornis;Experiment;f;Ithala;4;I164-49;49;8598;3;12;TheRock;m;Thanda;fm;It_Th;Qap_TheR;0;1.31163E+14;0;1.00017E+14;7.5634E+14;1.17475E+14;0;0;0;0;6.6396E+14;4.84551E+14;0;7.15032E+14;0;3.53344E+14;0;1.92513E+14;2.2438E+14;0;0;4.65358E+14;8.74714E+14;0;3.51531E+14;1.90716E+14;1.42707E+14;1.23144E+14;0;0;0;2.77333E+14;6.52837E+14;6.61073E+14;2.84797E+14;5.13269E+14;0;2.85545E+13;Qaphela
258;SoFa13;SoFa13;12/8/2024;Somiso;Diceros_bicornis;Experiment;m;Ithala;6;I155-49;49;11219;1;13;FatAmy;f;Manyoni;mf;It_Ma;Som_FatA;6.8265E+14;8.31222E+14;3.14484E+13;9.83348E+13;6.03422E+14;1.06361E+14;8.14617E+14;1.09007E+14;1.53818E+14;0;0;0;9.22791E+14;1.04818E+14;6.21184E+14;4.97804E+14;0;2.84736E+14;3.43358E+14;1.58773E+14;0;6.78458E+14;2.70885E+14;0;2.48585E+13;2.87045E+14;1.91145E+14;1.35806E+14;0;0;7.80388E+14;4.71921E+14;2.39635E+14;6.9143E+14;0;0;1.6738E+14;2.98118E+14;Somiso
259;SoFa14;SoFa14;13/8/2024;Somiso;Diceros_bicornis;Experiment;m;Ithala;6;I155-50;50;8508;2;14;FatAmy;f;Manyoni;mf;It_Ma;Som_FatA;0;4.1041E+14;0;1.05648E+14;5.14458E+14;0;0;0;0;0;0;0;0;0;0;4.86432E+14;0;1.03476E+14;1.78846E+14;0;0;6.84533E+14;0;0;3.24501E+13;0;1.711E+13;1.82168E+13;0;0;0;5.07305E+14;5.74882E+13;0;2.32678E+14;4.31626E+14;0;2.44079E+14;Somiso
260;SoFa15;SoFa15;14/8/2024;Somiso;Diceros_bicornis;Experiment;m;Ithala;6;I155-52;51;7923;3;15;FatAmy;f;Manyoni;mf;It_Ma;Som_FatA;0;1.70906E+14;0;1.89038E+14;1.17278E+14;1.30596E+14;0;0;0;0;0;3.75153E+14;0;1.38751E+14;6.41402E+14;7.43578E+14;0;4.36877E+12;3.35792E+14;0;0;3.73321E+14;7.10905E+14;0;3.85219E+14;4.06361E+14;1.38627E+14;1.17015E+14;0;0;0;3.01308E+14;2.24767E+14;1.14253E+14;0;0;0;2.63923E+14;Somiso
261;SoJo10;SoJo10;9/8/2024;Somiso;Diceros_bicornis;Experiment;m;Ithala;6;I155-46;46;788;1;10;Joko;f;Ithala;mf;It_It;Som_Joko;3.46021E+14;2.05812E+14;0;1.08558E+14;8.51391E+14;1.12372E+14;2.50623E+14;3.68019E+14;0;0;0;0;0;1.3318E+14;7.13366E+14;5.25341E+14;0;4.50173E+14;3.64453E+14;1.67168E+14;0;5.69111E+14;0;0;3.54175E+14;4.90401E+14;2.80804E+14;0;0;0;1.20135E+14;4.90443E+14;4.00894E+14;7.24614E+14;2.55357E+14;0;0;2.68357E+14;Somiso
262;SoJo11;SoJo11;10/8/2024;Somiso;Diceros_bicornis;Experiment;m;Ithala;6;I155-47;47;9295;2;11;Joko;f;Ithala;mf;It_It;Som_Joko;3.03194E+14;7.22222E+13;0;5.92612E+14;4.54747E+14;6.25628E+14;2.24857E+14;3.58358E+13;9.60367E+14;0;0;5.61884E+14;3.38971E+14;0;0;3.05964E+14;0;8.3325E+14;1.15087E+14;2.33406E+14;5.68145E+14;5.95229E+14;0;1.22489E+14;2.0096E+14;0;0;3.69638E+14;0;0;0;3.02812E+14;4.21177E+14;0;0;7.77595E+14;0;2.76869E+14;Somiso
263;SoJo12;SoJo12;11/8/2024;Somiso;Diceros_bicornis;Experiment;m;Ithala;6;I155-48;48;9687;3;12;Joko;f;Ithala;mf;It_It;Som_Joko;4.62228E+13;2.10248E+14;0;1.00698E+14;1.22236E+14;1.09507E+14;5.7324E+14;7.34876E+14;1.18789E+14;0;0;7.54014E+13;8.55243E+14;1.25744E+14;0;7.33808E+14;0;4.27853E+14;5.00866E+14;3.4848E+14;0;1.52222E+14;8.99544E+13;0;6.73923E+13;4.22281E+13;3.76394E+14;2.38899E+14;0;0;0;8.407E+14;7.98481E+14;0;0;1.22133E+14;3.33971E+14;2.74352E+14;Somiso
264;SoMp4;SoMp4;3/8/2024;Somiso;Diceros_bicornis;Experiment;m;Ithala;6;I155-40;40;8235;1;4;Mpilo;m;Mpilo;mm;It_Mp;Som_Mpil;0;7.08829E+14;0;1.13987E+14;1.08067E+14;7.55675E+13;0;0;0;0;0;7.25864E+14;0;0;0;7.23488E+14;0;5.64217E+14;2.00527E+14;2.66199E+14;0;6.47911E+14;1.40985E+14;0;4.35797E+14;5.9928E+14;3.39078E+13;1.18939E+14;0;0;0;3.78872E+14;7.06262E+14;2.69805E+12;0;5.26158E+14;0;1.58705E+14;Somiso
265;SoMp5;SoMp5;4/8/2024;Somiso;Diceros_bicornis;Experiment;m;Ithala;6;I155-41;41;9398;2;5;Mpilo;m;Mpilo;mm;It_Mp;Som_Mpil;0;7.68014E+13;0;8.79896E+14;6.82029E+14;8.10129E+14;1.421E+14;0;0;0;0;0;0;0;0;2.74876E+14;0;1.61694E+14;1.9361E+14;2.19743E+13;0;4.242E+14;1.48135E+14;0;2.9778E+14;1.96926E+14;0;6.75856E+14;0;0;0;2.89957E+14;5.15373E+14;1.25533E+14;0;2.39051E+14;0;1.89749E+14;Somiso
266;SoMp6;SoMp6;5/8/2024;Somiso;Diceros_bicornis;Experiment;m;Ithala;6;I155-42;42;8819;3;6;Mpilo;m;Mpilo;mm;It_Mp;Som_Mpil;0;4.67485E+14;0;1.46884E+14;6.71464E+14;1.10987E+14;1.44222E+14;0;0;0;0;0;0;0;0;5.59532E+14;0;8.78058E+14;1.56903E+14;2.62007E+14;0;4.6106E+14;0;0;3.22255E+14;0;0;7.87365E+14;0;0;0;2.70765E+14;4.56041E+14;1.46066E+12;0;1.48882E+14;0;2.57897E+14;Somiso
267;SoMs7;SoMs7;6/8/2024;Somiso;Diceros_bicornis;Experiment;m;Ithala;6;I155-43;43;9007;1;7;Mshanelo;m;Ithala;mm;It_It;Som_Msha;0;1.39702E+14;0;5.01523E+14;4.70388E+14;3.68244E+14;1.35894E+12;0;5.34324E+14;0;0;0;0;6.41843E+14;0;2.54377E+14;0;1.77785E+14;2.64959E+14;1.46749E+14;0;5.31105E+14;1.31939E+13;0;3.25517E+13;1.55084E+14;3.30127E+14;7.3532E+14;0;0;0;4.46923E+14;5.18673E+14;6.13742E+14;0;1.32918E+13;0;2.6785E+14;Somiso
268;SoMs8;SoMs8;7/8/2024;Somiso;Diceros_bicornis;Experiment;m;Ithala;6;I155-44;44;9774;2;8;Mshanelo;m;Ithala;mm;It_It;Som_Msha;0;6.86031E+13;0;1.62057E+14;4.01995E+14;1.22758E+14;1.29623E+14;0;4.77254E+14;3.10468E+13;0;0;0;0;5.08258E+14;3.4935E+14;0;1.00719E+14;2.36449E+14;3.01928E+14;0;4.20228E+14;0;0;2.13416E+14;0;0;7.30733E+14;0;0;4.49542E+14;2.50565E+14;4.64571E+14;1.13797E+14;0;2.12901E+14;0;2.70899E+14;Somiso
269;SoMs9;SoMs9;8/8/2024;Somiso;Diceros_bicornis;Experiment;m;Ithala;6;I155-45;45;8295;3;9;Mshanelo;m;Ithala;mm;It_It;Som_Msha;3.3299E+14;1.08885E+14;0;7.28771E+14;5.81573E+14;0;2.56028E+14;3.17133E+14;9.24099E+14;3.041E+14;0;0;0;0;1.08427E+14;4.87735E+14;0;2.14793E+13;3.44663E+14;3.82498E+14;0;4.85675E+14;0;0;3.84099E+14;1.96979E+14;2.08297E+14;1.96351E+14;0;0;0;4.54431E+14;5.06731E+14;0;0;2.95273E+14;4.115E+14;2.73201E+14;Somiso
270;SoNd1;SoNd1;31/7/2024;Somiso;Diceros_bicornis;Experiment;m;Ithala;6;I155-37;37;9226;1;1;Ndlebe;f;Somkhanda;mf;It_So;Som_Ndle;0;4.31615E+14;0;4.73722E+14;5.64412E+14;5.15871E+14;0;0;0;4.86937E+14;0;2.90786E+14;0;5.47409E+14;0;5.32085E+14;0;6.18158E+14;8.76475E+14;1.97045E+13;2.07238E+14;3.89828E+14;0;0;2.2845E+14;0;0;7.17866E+14;0;0;0;2.34487E+14;4.12109E+14;0;1.76876E+14;2.95362E+14;0;2.60091E+14;Somiso
271;SoNd2;SoNd2;1/8/2024;Somiso;Diceros_bicornis;Experiment;m;Ithala;6;I155-38;38;9526;2;2;Ndlebe;f;Somkhanda;mf;It_So;Som_Ndle;0;7.75566E+14;0;5.68835E+14;2.80375E+14;5.91795E+14;0;0;3.6751E+14;0;0;3.81408E+13;0;0;0;2.06657E+14;0;1.10239E+14;2.25415E+14;1.3391E+14;0;4.95653E+14;1.84913E+14;0;0;0;0;5.99762E+14;0;0;1.01696E+14;2.18807E+14;4.16644E+14;1.34578E+14;1.51516E+14;3.28892E+14;0;2.57256E+14;Somiso
272;SoNd3;SoNd3;2/8/2024;Somiso;Diceros_bicornis;Experiment;m;Ithala;6;I155-39;39;9468;3;3;Ndlebe;f;Somkhanda;mf;It_So;Som_Ndle;0;6.6893E+14;0;9.24889E+14;4.22236E+14;7.85528E+14;0;0;0;2.46374E+12;0;2.90463E+14;0;0;0;3.68251E+14;0;5.70957E+14;1.52906E+14;2.51231E+14;0;4.8628E+14;0;0;1.97945E+14;0;0;9.39226E+14;0;0;0;2.36878E+14;3.99133E+14;1.45286E+14;0;5.59429E+14;0;2.64527E+14;Somiso
273;SoTh16;SoTh16;15/8/2024;Somiso;Diceros_bicornis;Experiment;m;Ithala;6;I155-53;52;5697;1;16;TheRock;m;Thanda;mm;It_Th;Som_TheR;0;9.72421E+14;0;2.1972E+14;1.33574E+14;1.71041E+14;0;0;0;0;0;0;0;1.09883E+14;1.07045E+14;1.07814E+14;0;1.19589E+14;2.49687E+14;0;0;7.62168E+14;0;0;5.43396E+14;0;0;1.94374E+14;0;0;0;5.39959E+14;9.1131E+14;1.44757E+14;3.98679E+14;0;0;2.66262E+14;Somiso
274;SoTh17;SoTh17;16/8/2024;Somiso;Diceros_bicornis;Experiment;m;Ithala;6;I155-53;53;7503;2;17;TheRock;m;Thanda;mm;It_Th;Som_TheR;0;1.19437E+14;0;7.30405E+14;8.37538E+14;7.47292E+13;0;0;0;0;0;2.97352E+14;0;1.13998E+13;0;5.89081E+14;0;2.41414E+14;2.98536E+14;2.78771E+14;0;8.71477E+14;0;0;4.05642E+14;2.32803E+14;1.9374E+14;6.58148E+14;0;0;0;4.18845E+14;7.0825E+14;7.37823E+14;2.69072E+14;0;0;2.68053E+14;Somiso
275;SoTh18;SoTh18;17/8/2024;Somiso;Diceros_bicornis;Experiment;m;Ithala;6;I155-54;54;7874;3;18;TheRock;m;Thanda;mm;It_Th;Som_TheR;0;2.32017E+14;0;3.82682E+14;1.71724E+14;2.83696E+14;0;0;0;0;0;1.39994E+14;0;1.64131E+14;1.97717E+14;1.50471E+14;0;3.00597E+13;5.54763E+14;8.05124E+14;0;1.52206E+14;1.15592E+13;0;5.20351E+14;0;2.43287E+14;3.04153E+14;0;0;0;5.86908E+14;1.73376E+14;2.34643E+14;4.03752E+14;3.08419E+14;0;2.84853E+14;Somiso
286;ThBi4;ThBi4;3/8/2024;TheRock;Diceros_bicornis;Experiment;m;Thanda;6;B192-32;32;8012;1;4;Billie;f;Thanda;mf;Th_Th;The_Bill;0;2.24874E+14;0;1.60456E+14;2.36761E+14;0;0;0;0;0;0;6.46902E+14;0;0;0;1.38197E+14;0;2.52101E+14;5.5274E+14;1.48045E+14;0;2.91515E+14;0;0;0;6.36205E+14;8.86125E+14;9.45344E+14;0;0;1.49362E+13;2.16719E+14;4.41974E+13;0;0;1.35489E+14;0;1.64053E+14;TheRock
287;ThBi5;ThBi5;4/8/2024;TheRock;Diceros_bicornis;Experiment;m;Thanda;6;B192-33;33;10306;2;5;Billie;f;Thanda;mf;Th_Th;The_Bill;0;1.43092E+14;1.38673E+14;4.44901E+14;7.47992E+14;0;0;0;0;0;0;7.44187E+14;0;0;9.19698E+14;5.00989E+14;0;9.57311E+13;4.08639E+13;2.57123E+14;0;1.13306E+13;0;0;0;2.3254E+14;1.65531E+14;1.22295E+14;0;0;1.85646E+14;5.52374E+14;8.54557E+13;0;0;5.10992E+14;5.55557E+14;1.55497E+14;TheRock
288;ThBi6;ThBi6;5/8/2024;TheRock;Diceros_bicornis;Experiment;m;Thanda;6;B192-34;34;9965;3;6;Billie;f;Thanda;mf;Th_Th;The_Bill;0;1.48559E+14;0;2.59088E+14;5.0516E+14;0;0;0;0;0;0;3.36711E+14;0;8.4135E+14;0;3.4503E+13;0;2.88865E+13;4.2466E+14;1.37143E+14;0;6.05979E+13;0;0;0;3.2473E+13;1.21051E+14;8.82517E+14;0;0;1.56681E+14;3.96178E+14;3.79232E+14;0;0;4.74661E+14;3.76325E+14;2.46348E+14;TheRock
289;ThMa7;ThMa7;6/8/2024;TheRock;Diceros_bicornis;Experiment;m;Thanda;6;B192-35;35;8856;1;7;Mafukuzela;f;Ithala;mf;Th_It;The_Mafu;0;1.56868E+14;0;2.976E+14;5.25516E+14;0;0;0;0;0;2.60634E+14;2.78234E+14;0;7.06379E+14;0;2.70815E+14;0;2.00325E+14;3.72469E+14;2.20497E+14;0;3.87695E+14;1.16147E+14;0;0;1.99789E+14;6.51074E+14;5.51175E+14;2.43785E+14;0;2.18481E+14;3.92661E+14;4.1328E+14;0;3.03358E+14;1.11546E+14;0;2.44595E+14;TheRock
290;ThMa8;ThMa8;7/8/2024;TheRock;Diceros_bicornis;Experiment;m;Thanda;6;B192-36;36;9109;2;8;Mafukuzela;f;Ithala;mf;Th_It;The_Mafu;0;7.55093E+14;3.48993E+14;4.26928E+14;7.2466E+14;4.98098E+14;0;0;0;0;0;3.00399E+14;0;0;4.84606E+14;4.70036E+13;0;9.73817E+14;2.40171E+14;2.15106E+14;0;7.19161E+14;2.7183E+13;0;2.00126E+14;0;1.95906E+14;6.72461E+13;0;0;1.62817E+14;3.83656E+14;4.49555E+14;0;1.29078E+13;8.49119E+14;0;2.73385E+14;TheRock
291;ThMa9;ThMa9;8/8/2024;TheRock;Diceros_bicornis;Experiment;m;Thanda;6;B192-37;37;9263;3;9;Mafukuzela;f;Ithala;mf;Th_It;The_Mafu;0;2.51329E+14;281764979.9;2.41416E+13;8.69995E+14;0;0;0;0;0;0;8.88118E+14;0;2.10914E+14;7.9032E+14;1.01922E+14;2.13791E+14;4.75708E+14;5.01078E+14;2.28138E+14;0;9.02054E+14;4.44866E+14;0;0;4.92498E+14;1.68773E+13;1.03913E+14;3.26678E+14;0;1.96114E+14;7.96103E+14;4.75214E+14;0;0;1.40707E+14;2.57309E+14;2.34173E+14;TheRock
292;ThMp10;ThMp10;9/8/2024;TheRock;Diceros_bicornis;Experiment;m;Thanda;6;B192-38;38;9768;1;10;Mpilo;m;Mpilo;mm;Th_Mp;The_Mpil;0;1.9738E+14;0;2.00971E+14;7.48218E+14;0;1.39712E+14;0;6.19088E+14;7.46078E+12;0;4.39071E+14;0;1.67229E+14;0;4.76103E+14;0;5.53774E+14;5.73798E+14;3.21675E+14;3.46807E+14;1.35383E+14;3.68455E+14;0;0;4.69943E+14;5.87195E+14;1.20033E+14;0;0;2.75724E+14;1.02198E+14;6.2834E+14;0;0;5.09647E+13;3.21405E+13;2.68151E+14;TheRock
293;ThMp11;ThMp11;10/8/2024;TheRock;Diceros_bicornis;Experiment;m;Thanda;6;B192-39;39;10503;2;11;Mpilo;m;Mpilo;mm;Th_Mp;The_Mpil;0;1.58403E+14;0;2.75441E+14;8.949E+14;0;1.52756E+14;0;0;0;0;1.05793E+14;0;8.8455E+14;0;3.4195E+14;0;2.82573E+14;3.39525E+14;2.5202E+14;0;1.557E+14;0;8.34624E+14;0;2.44243E+14;3.44073E+14;2.18584E+13;0;0;2.11226E+14;8.11217E+13;8.28449E+14;2.80458E+14;0;8.07188E+14;3.74346E+14;2.71453E+14;TheRock
294;ThMp12;ThMp12;11/8/2024;TheRock;Diceros_bicornis;Experiment;m;Thanda;6;B192-40;40;9514;3;12;Mpilo;m;Mpilo;mm;Th_Mp;The_Mpil;3.0871E+14;1.0074E+14;0;2.00947E+14;7.10324E+14;0;2.00206E+14;0;0;0;0;5.3504E+14;0;0;0;4.62834E+13;0;1.49339E+13;2.01535E+14;0;0;5.65751E+14;0;0;0;0;1.63116E+14;1.42853E+14;3.83209E+14;2.84246E+14;1.81658E+14;4.99016E+14;3.54604E+14;0;0;6.86495E+14;0;2.64911E+14;TheRock
295;ThMs1;ThMs1;31/7/2024;TheRock;Diceros_bicornis;Experiment;m;Thanda;6;B192-29;29;894;1;1;Mshanelo;m;Ithala;mm;Th_It;The_Msha;0;1.71737E+14;0;0;5.37839E+14;0;0;0;0;3.61093E+14;0;0;0;0;0;2.42088E+14;2.33689E+14;5.22777E+14;4.13224E+14;3.04199E+14;1.39923E+13;6.08083E+14;1.94718E+14;0;0;5.41017E+13;2.0123E+14;1.40019E+14;0;0;1.81332E+14;4.99613E+14;6.70493E+14;0;0;1.2206E+14;0;2.00319E+14;TheRock
296;ThMs2;ThMs2;1/8/2024;TheRock;Diceros_bicornis;Experiment;m;Thanda;6;B192-30;30;8694;2;2;Mshanelo;m;Ithala;mm;Th_It;The_Msha;0;1.13346E+13;0;1.12832E+14;4.3348E+14;0;0;0;0;1.9243E+14;0;2.26727E+14;0;0;0;1.6593E+14;1.51984E+14;4.24333E+14;3.32724E+14;1.32197E+14;0;4.27974E+14;0;0;0;4.05878E+14;8.2861E+14;6.35409E+14;0;0;1.36245E+14;2.79248E+14;3.25378E+14;0;1.15745E+14;1.17197E+14;2.50537E+14;2.30643E+14;TheRock
297;ThMs3;ThMs3;2/8/2024;TheRock;Diceros_bicornis;Experiment;m;Thanda;6;B192-31;31;10041;3;3;Mshanelo;m;Ithala;mm;Th_It;The_Msha;0;0;0;0;0;0;0;0;0;0;0;7.68585E+14;0;0;0;0;0;0;0;0;0;1.99438E+14;0;0;0;0;0;1.13856E+14;0;0;1.52413E+14;0;2.68319E+14;0;0;6.2883E+14;0;1.59384E+14;TheRock
298;ThNd16;ThNd16;15/8/2024;TheRock;Diceros_bicornis;Experiment;m;Thanda;6;B192-44;44;7094;1;16;Ndlebe;f;Somkhanda;mf;Th_So;The_Ndle;0;1.41912E+14;0;3.94731E+14;1.1256E+14;0;0;0;0;0;0;1.57013E+14;0;2.81625E+14;0;7.68079E+14;0;2.3715E+14;3.63013E+14;3.4308E+14;0;1.60354E+14;0;0;3.88327E+14;0;2.26807E+14;1.63523E+13;4.16963E+14;5.66262E+14;3.37691E+14;1.02914E+14;9.75217E+14;0;4.44312E+14;6.50605E+14;3.68577E+14;2.74373E+14;TheRock
299;ThNd17;ThNd17;16/8/2024;TheRock;Diceros_bicornis;Experiment;m;Thanda;6;B192-45;45;6953;2;17;Ndlebe;f;Somkhanda;mf;Th_So;The_Ndle;0;4.5091E+14;0;3.17312E+14;1.09486E+14;0;0;0;0;0;0;1.11563E+14;0;2.77934E+13;5.673E+14;6.74049E+14;2.59492E+14;5.3741E+14;9.43608E+14;5.57577E+14;0;2.6455E+14;0;0;0;4.93808E+14;3.34991E+13;3.16188E+14;2.17503E+14;0;2.72302E+11;1.39547E+14;1.60895E+14;0;0;2.92869E+14;7.06005E+14;2.58056E+14;TheRock
300;ThNd18;ThNd18;17/8/2024;TheRock;Diceros_bicornis;Experiment;m;Thanda;6;B192-46;46;8543;3;18;Ndlebe;f;Somkhanda;mf;Th_So;The_Ndle;0;4.76569E+13;0;2.66994E+14;9.30154E+14;0;0;0;0;0;0;1.17347E+14;0;3.92666E+14;7.30026E+14;4.41129E+14;2.97734E+14;7.84333E+14;7.86376E+14;2.82921E+14;0;1.2853E+14;4.24242E+14;0;0;7.02728E+14;5.56281E+14;1.86438E+14;0;0;2.34862E+14;6.85811E+14;8.01264E+14;0;0;1.03816E+14;5.64923E+14;2.51601E+14;TheRock
301;ThNs13;ThNs13;12/8/2024;TheRock;Diceros_bicornis;Experiment;m;Thanda;6;B192-41;41;10506;1;13;Nsele;m;Ithala;mm;Th_It;The_Nsel;2.25991E+14;1.49586E+14;0;6.84473E+14;2.83823E+14;0;1.7825E+14;2.61338E+14;0;0;0;8.34279E+14;2.32017E+14;1.15726E+14;0;1.91641E+13;0;3.11802E+13;3.82627E+14;1.27044E+14;0;5.99138E+14;3.86417E+14;0;0;2.94791E+14;1.50519E+14;9.25818E+14;0;0;0;4.02258E+14;2.81945E+14;0;0;3.40751E+14;2.31473E+14;2.50328E+14;TheRock
302;ThNs14;ThNs14;13/8/2024;TheRock;Diceros_bicornis;Experiment;m;Thanda;6;B192-42;42;8583;2;14;Nsele;m;Ithala;mm;Th_It;The_Nsel;2.21421E+14;7.81644E+14;0;1.17347E+14;2.85064E+14;0;2.85122E+14;3.53197E+14;8.90165E+14;0;0;1.36923E+14;3.54248E+14;4.2815E+13;3.54334E+14;1.94469E+14;0;9.95155E+13;1.78065E+14;1.17917E+14;0;6.08785E+14;0;0;0;9.63743E+14;1.35746E+14;1.36414E+14;0;0;1.91829E+14;4.56751E+14;2.92737E+14;0;0;9.74833E+14;1.61949E+14;2.8251E+14;TheRock
303;ThNs15;ThNs15;14/8/2024;TheRock;Diceros_bicornis;Experiment;m;Thanda;6;B192-43;43;5893;3;15;Nsele;m;Ithala;mm;Th_It;The_Nsel;0;1.52587E+14;0;3.50066E+14;1.20735E+14;0;0;0;0;0;0;1.50047E+14;0;2.18069E+14;1.40606E+14;7.00521E+14;0;2.40846E+14;3.81485E+14;0;0;2.0306E+14;1.52858E+14;0;0;0;5.78529E+14;3.93054E+14;0;0;3.65383E+14;1.55487E+14;8.03113E+14;0;5.36873E+14;1.7672E+14;0;2.68082E+14;TheRock
